Date,oil GARCHNet | qlike,oil GARCHNet | mse_var,StaticGARCH | qlike,StaticGARCH | mse_var,GJRGARCH | qlike,GJRGARCH | mse_var,EGARCH | qlike,EGARCH | mse_var,EWMA | qlike,EWMA | mse_var
2025-10-01,-7.372915233604873,1.8477346459925598e-08,-7.349479003976758,2.4331353558040117e-08,-7.2987295608026725,3.9361086072494815e-08,-7.275019321179562,4.755268837677908e-08,-7.432683377305701,6.4841984203886645e-09
2025-10-02,-6.692826540799103,1.1206536129442443e-08,-6.700810821921559,9.406923329264991e-09,-6.726550964767494,2.7485103596767076e-09,-6.7343276296934835,2.686165364085454e-10,-6.611606821322113,2.5895449657604625e-08
2025-10-03,-7.7815754320770685,7.656230401678798e-08,-7.746672673096775,8.516761587238883e-08,-7.615807000202016,1.2480891456328093e-07,-7.500259823804967,1.7169992663901728e-07,-7.921826160943198,4.867279587070128e-08
2025-10-06,-7.683868336972676,4.719626084044292e-08,-7.679461696880428,4.815187297488385e-08,-7.573414721780803,7.531048670180247e-08,-7.488783717636123,1.0363305324356326e-07,-7.8004194959979705,2.6147770346915668e-08
2025-10-07,-7.4674689352292,1.8763555644729172e-08,-7.47113626410567,1.8010776531960053e-08,-7.41639691408486,3.0643064752383506e-08,-7.359589788392869,4.713751774295905e-08,-7.536935734945263,6.662582364534528e-09
2025-10-08,-7.866018294628555,5.524816448738133e-08,-7.901464453031404,4.895011605532737e-08,-7.804672363810942,6.761010719417451e-08,-7.748592994539194,8.072546325487286e-08,-8.013148176974504,3.2579935042686815e-08
2025-10-09,-7.2921716479967085,2.982703464384601e-09,-7.300880026215996,1.49003729488779e-09,-7.285774893196955,4.176831543857675e-09,-7.270212225159264,7.39252035072817e-09,-7.311019322173036,1.0413171925684922e-13
2025-10-10,-4.1643827284426695,7.948495862562341e-07,-4.0369849708717425,8.173891049848441e-07,-4.381569435921593,7.515292774590393e-07,-4.672211596506625,6.809386101757255e-07,-3.4836392687642537,8.972499147889967e-07
2025-10-13,-7.461337152672745,7.300504307471828e-08,-7.370839124564137,1.0777438612020044e-07,-7.211080374923103,1.9551212738675664e-07,-7.21785620735738,1.90974420294438e-07,-7.564975178769471,4.3337160456763176e-08
2025-10-14,-6.6228327468517,7.619016853360634e-09,-6.639036135379669,2.196147238870685e-09,-6.639294255394776,2.758866303868403e-09,-6.64089373505098,1.871513031872876e-09,-6.5687671872414315,2.1480631553039382e-08
2025-10-15,-7.465309875216912,5.097068283250562e-08,-7.4207172298722615,6.492352195871984e-08,-7.277030387410769,1.257131030970078e-07,-7.248922104005181,1.409257728990667e-07,-7.556843929979362,2.8240839664885324e-08
2025-10-16,-6.916488814163891,1.4636408486982466e-12,-6.915913117009654,1.6183717284080917e-10,-6.885912965992175,1.1515496763520354e-08,-6.86912451598178,1.953315210739925e-08,-6.900989348177145,3.2882272810151336e-09
2025-10-17,-7.550293737795936,4.76411766981284e-08,-7.537930268858963,5.085239728535311e-08,-7.383789565844843,1.0313847431053199e-07,-7.298019680005833,1.4412673994187225e-07,-7.648223549080972,2.643007351057099e-08
2025-10-20,-7.294600281709494,1.0326788933162583e-08,-7.3004848241297084,9.01159143402174e-09,-7.214507001875495,3.3456192496024195e-08,-7.17585754376828,4.824834584390476e-08,-7.336119121641976,2.2163673119201175e-09
2025-10-21,-7.483858612770642,1.9128474309600792e-08,-7.507130685502997,1.464321356531619e-08,-7.396206081639896,4.077054923797939e-08,-7.368779750925654,4.9226212519512976e-08,-7.552563603183036,7.2948400802262926e-09
2025-10-22,-5.95305326533135,1.2120848867267535e-07,-5.846166659310104,1.3926798295963075e-07,-6.098614781377435,9.027243728986199e-08,-6.12323408179884,8.401416997147752e-08,-5.697434490256621,1.6009235002010716e-07
2025-10-23,-5.974893457345973,1.1597868592396603e-07,-5.854491127770707,1.3519285055941364e-07,-6.079789864311152,9.561383580880632e-08,-6.103311704013424,9.042585833858375e-08,-5.7099050120731345,1.542121419391298e-07
2025-10-24,-7.276186445449911,8.681237297085063e-08,-7.166482083488015,1.455465875960286e-07,-7.338802384327025,6.139088355814498e-08,-7.394331835527543,4.299928209850825e-08,-7.365120214036957,5.221878473315977e-08
2025-10-27,-7.237924775513864,5.128382095412944e-08,-7.163077533556974,8.496833139462104e-08,-7.293797559410387,3.178084897394992e-08,-7.329094140753797,2.1689559718222026e-08,-7.303702259746986,2.8781529054393443e-08
2025-10-28,-7.0706415576288615,1.4140700364871169e-08,-7.040303802544791,2.5744736369611e-08,-7.1034090582990705,4.146209391465331e-09,-7.114979789146074,1.3345407143835112e-09,-7.102972710621724,4.260526464517415e-09
2025-10-29,-7.370408754261614,5.920197753599041e-08,-7.319304104190098,7.847786009533474e-08,-7.41223226164807,4.574181537100088e-08,-7.415542316004191,4.475941360480866e-08,-7.445790972855766,3.631521059104251e-08
2025-10-30,-7.505838972982387,6.869056998672624e-08,-7.475607958338664,7.849502870578002e-08,-7.5732429373124415,4.981258890913943e-08,-7.588582189682625,4.6044863222282045e-08,-7.594348520023976,4.467588323513795e-08
2025-10-31,-7.390880258604046,3.2580380475364836e-08,-7.386600434247237,3.376085675431032e-08,-7.448781539216695,1.8560968360973433e-08,-7.472223459784878,1.3869394543832456e-08,-7.452677748664107,1.7743124218824108e-08
2025-11-03,-7.688665368234087,6.442348740261551e-08,-7.700474395548754,6.159618909072865e-08,-7.792512477432569,4.249639379837534e-08,-7.840583686237589,3.436867626809917e-08,-7.782313528346068,4.4373902083217916e-08
2025-11-04,-7.662580703055492,4.5065900973482806e-08,-7.695974225704834,3.818448657595401e-08,-7.767173715057308,2.5777623498738753e-08,-7.826957992047467,1.7470676315117863e-08,-7.74715903589899,2.8972833952385844e-08
2025-11-05,-7.285991508479539,5.130707853195877e-09,-7.301047424473688,2.330037125646757e-09,-7.31261516704277,5.017524011047667e-10,-7.315859798124557,6.082063855779598e-11,-7.309998542743559,8.852704779650617e-10
2025-11-06,-7.154825052644077,9.167979014314432e-10,-7.1591530599844955,9.781405275225322e-11,-7.159724534835163,2.2185343110556723e-14,-7.159664837983093,9.928190055765344e-12,-7.158731411975768,1.5313488636479007e-10
2025-11-07,-7.674846481400476,2.8891334602366168e-08,-7.729641473863818,1.9907999940828444e-08,-7.741855437950529,1.814567375572082e-08,-7.737538530947148,1.875898217703119e-08,-7.756523912555861,1.6138463447288464e-08
2025-11-10,-7.758958295945427,2.9062229454666652e-08,-7.829219155080451,1.8895879990845553e-08,-7.840999759554654,1.7427286408834917e-08,-7.847867849440362,1.6600416666619456e-08,-7.847694468125132,1.662102828479944e-08
2025-11-11,-7.257592744561391,2.1840791537989928e-10,-7.254868174977061,5.03565484142413e-10,-7.252327737498874,7.80782717424379e-10,-7.248035965146797,1.2241247105940712e-09,-7.252586041702142,7.531690905390998e-10
2025-11-12,-5.387516768101116,2.4745699689868213e-07,-5.133862262781446,2.810159338562759e-07,-4.963043945502674,2.995256182258936e-07,-4.882158574289225,3.0740979976526355e-07,-5.029195035208721,2.9267833808170284e-07
2025-11-13,-7.535809761756534,6.875348327033301e-08,-7.483190084479159,8.576402462974878e-08,-7.382535990001494,1.2626310697307898e-07,-7.510423226805705,7.663681894713775e-08,-7.64416132202663,4.1126691314281555e-08
2025-11-14,-6.871294938026037,2.541789507368112e-10,-6.872201845481336,5.453176215869083e-12,-6.86321230259013,3.147143679576856e-09,-6.870202907680284,5.393750259696422e-10,-6.8480077978899025,5.315148622733086e-09
2025-11-17,-7.542957561305201,6.451195028836365e-08,-7.506263410184256,7.571811923321235e-08,-7.471515617611701,8.74953331784085e-08,-7.593283059657625,5.1019945893719056e-08,-7.648210681561429,3.8522927168815916e-08
2025-11-18,-7.203881115535268,9.102890487274114e-09,-7.198202474308394,1.0583676241911184e-08,-7.180432517288022,1.5608541463289912e-08,-7.22635360980035,3.862466641985769e-09,-7.237041846505806,1.7494465076507348e-09
2025-11-19,-6.780455247053045,3.898338030549372e-09,-6.7811246999688395,3.734208393355236e-09,-6.785932717484661,2.515203023794536e-09,-6.7456813452075135,1.1247142427910965e-08,-6.734246910416246,1.3319940462321368e-08
2025-11-20,-7.318349752902206,2.011796356839873e-08,-7.30921225712337,2.2559368954538116e-08,-7.273172439830033,3.3298556236699145e-08,-7.308798455283937,2.2672579461455584e-08,-7.373404320584118,7.732146330264452e-09
2025-11-21,-7.350355013225762,1.601680613769576e-08,-7.353966775192465,1.5179671009763244e-08,-7.317672777540119,2.4349832558459085e-08,-7.342592440320558,1.7871949154373485e-08,-7.4018137523553715,5.640145342717104e-09
2025-11-24,-7.142436444080074,3.5828401485476785e-09,-7.142706153172563,3.518404400787638e-09,-7.114827243412325,1.1149231251386358e-08,-7.111990166903195,1.202861026889886e-08,-7.159013217279721,6.52936181368869e-11
2025-11-25,-6.896126209209452,1.0349309649312674e-09,-6.8942753822697815,1.451278548251067e-09,-6.900281422005283,2.571189262249853e-11,-6.900368640857435,2.2178071619570834e-12,-6.864497010804099,7.0272380956862345e-09
2025-11-26,-7.642345493022088,4.675343273506942e-08,-7.6568915732525165,4.3544095570382004e-08,-7.578101675471265,6.277107979157816e-08,-7.528283160607344,7.747244792844956e-08,-7.74520623146099,2.69802411291237e-08
2025-11-28,-7.429647022156679,1.753126006830823e-08,-7.445742794993171,1.422123025891372e-08,-7.407290590678495,2.2585115147627788e-08,-7.376890351574125,3.033882216433829e-08,-7.490202065346535,6.469866219493768e-09
2025-12-01,-7.650263375518535,3.140167805343663e-08,-7.692739830821709,2.3823277623682346e-08,-7.636872944245841,3.4037233501089644e-08,-7.607840249417798,4.0183309477411075e-08,-7.745855208856036,1.5895696905709336e-08
2025-12-02,-7.438717062300152,1.0854469899744448e-08,-7.464532804839283,6.427097341384566e-09,-7.444843926322575,9.738190722352045e-09,-7.429051811463581,1.2698243183548165e-08,-7.489895013028616,2.7975782909195397e-09
2025-12-03,-7.557705275575538,1.712952690597456e-08,-7.5954601327624385,1.0990201186513216e-08,-7.560394338081975,1.6654909735913914e-08,-7.514831652207652,2.550527156062888e-08,-7.630409718284092,6.285499600011428e-09
2025-12-04,-7.638315654765705,1.830226997695433e-08,-7.69178150100691,1.0570583247216014e-08,-7.655925157445919,1.554880635930727e-08,-7.620310530330677,2.1336883122054033e-08,-7.72224180091065,6.976048242937582e-09
2025-12-05,-7.762505692922194,2.660657502428862e-08,-7.831295584097196,1.702382756419665e-08,-7.805304275025104,2.0367888764264922e-08,-7.766888013999428,2.5923918429040917e-08,-7.873702447325065,1.2234598659305061e-08
2025-12-08,-7.226395575780825,4.0090369346260986e-12,-7.216331662659922,1.2014667310621372e-09,-7.2215054538635295,6.18244410603029e-10,-7.225245457805281,1.5809492955585008e-10,-7.2024966213805195,2.590505606403128e-09
2025-12-09,-7.760487114866476,2.8175583890800473e-08,-7.811623921722285,2.0640577373174424e-08,-7.75363390585354,2.928986798637682e-08,-7.7027530053008,3.839955172222935e-08,-7.877733887737149,1.2763691874392065e-08
2025-12-10,-7.452689535533185,5.228152917985224e-09,-7.474415994520154,2.1817989294147855e-09,-7.447258667366384,6.078587149350528e-09,-7.405535837880228,1.3735852175175367e-08,-7.490900863352531,3.056266079220045e-10
2025-12-11,-6.725170186025178,1.844474919530097e-08,-6.648091657449751,2.7878347019878753e-08,-6.720545891157186,1.9083508200876622e-08,-6.765625647036177,1.2292702876635699e-08,-6.562452019226814,3.6212994305502853e-08
2025-12-12,-7.790796312560969,2.214474454928e-08,-7.847754599930461,1.4866908477790367e-08,-7.770531632925129,2.512041457480071e-08,-7.682100043957793,4.07850770135551e-08,-7.908721273390758,8.69074041628475e-09
2025-12-15,-7.424714234105573,1.3497950611458999e-09,-7.436084001225408,2.563064388981329e-11,-7.423045877774435,1.5667909601288099e-09,-7.394285395734286,5.9695806431770075e-09,-7.432298247246917,3.3854312291798285e-10
2025-12-16,-6.9245761345685395,8.56757472095273e-09,-6.862776243131292,1.527360585453749e-08,-6.933267952237825,7.457131829680078e-09,-6.973418611983677,1.3193278711103192e-09,-6.783115226007912,2.2004827572001788e-08
2025-12-17,-6.891435391023532,5.616371758925819e-09,-6.888297526938359,6.132037114162085e-09,-6.919772485617787,1.3419983284068298e-10,-6.914959662388919,1.623900824044218e-09,-6.795289108458616,1.804181653808333e-08
2025-12-18,-7.641468590394203,1.7733295312104244e-08,-7.652909850091353,1.5946951355880418e-08,-7.565177666668806,3.201931272117121e-08,-7.4911270045316805,5.0307761615697135e-08,-7.736282357829122,5.4663114129619474e-09
2025-12-19,-7.727782903434267,1.8739168491643175e-08,-7.755649558093861,1.4913660715825563e-08,-7.665301531373113,2.896873658462618e-08,-7.606676112479525,4.0877715996476885e-08,-7.836062344816162,6.158758729059272e-09
2025-12-22,-7.267825937041975,2.2507189221986323e-11,-7.266395543728718,1.9523154514629877e-10,-7.263583333762715,6.597576571989465e-10,-7.252217341040482,2.656604617427005e-09,-7.238163253720261,2.8814038535242783e-09
2025-12-23,-7.913825851005638,4.508835758867027e-08,-7.921168737945881,4.391491429499057e-08,-7.914378635793217,4.499921319013353e-08,-7.85647129860175,5.508576876685215e-08,-8.085667839327169,2.29888357450978e-08
2025-12-24,-8.060785740479252,5.34993217862537e-08,-8.092484896681672,4.8983223110720214e-08,-8.086283417983099,4.9840348665139795e-08,-8.037847524535838,5.698379785758937e-08,-8.2667092760475,2.9444442803040724e-08
2025-12-26,-6.17911744467881,7.81401792294151e-08,-6.09965761381353,8.801822967385314e-08,-6.117408789544785,8.592636852273588e-08,-6.143410035875447,8.274773034087396e-08,-5.82462772154396,1.1435282822680264e-07
2025-12-29,-7.41387743123375,7.69863856909938e-09,-7.40503359359361,9.313803155739114e-09,-7.364084685153303,1.8010173995125563e-08,-7.360784955970834,1.8798773180996365e-08,-7.462077112856983,6.388901558040045e-10
2025-12-30,-7.800577616183013,5.573530060199095e-08,-7.75593543554523,6.527215280451944e-08,-7.751243477057609,6.634156828388327e-08,-7.74414872952934,6.79838981537216e-08,-7.961179048407778,2.963571988988089e-08
2025-12-31,-7.457578339325208,1.0750503494178263e-08,-7.449055927746638,1.2321852652145829e-08,-7.4435115191433905,1.3384868320285196e-08,-7.44376310213989,1.3335935154754865e-08,-7.518321658988206,1.7741648738896687e-09
2026-01-02,-7.476707842882059,8.769737475115586e-09,-7.474440328255919,9.14909064146991e-09,-7.462744483163797,1.1189285566448977e-08,-7.445378033240889,1.4477619953780053e-08,-7.53185909757644,1.2138507269218434e-09
2026-01-05,-6.265626076117263,6.591034227141324e-08,-6.2413190802708804,6.944408930756306e-08,-6.280709828302937,6.362439403116393e-08,-6.307178595580364,5.942313909673414e-08,-5.986790117146749,9.852712684351841e-08
2026-01-06,-6.59137924256994,2.7431215091660104e-08,-6.584697135457935,2.8456397227174995e-08,-6.569608043120674,3.06916173001587e-08,-6.587678716856838,2.8001759117065423e-08,-6.40488144079756,5.006253307728173e-08
2026-01-07,-7.367734439288176,4.623603560184298e-09,-7.363029626943535,5.44721479052562e-09,-7.350802565161574,7.735955365918254e-09,-7.329260333235837,1.2273686587754563e-08,-7.399086777169283,6.940632134135797e-11
2026-01-08,-5.335662456687684,2.879706071093041e-07,-5.4029738558045,2.74948623194518e-07,-5.54995447923471,2.424136640152053e-07,-5.696550408284705,2.023722570277962e-07,-4.871384399215151,3.568537571007193e-07
2026-01-09,-6.562354400043555,1.9000849030124843e-08,-6.5966352674108855,9.66878794094373e-09,-6.572918112208981,1.6327256383617245e-08,-6.600174850636916,8.574642138172163e-09,-6.452943338499412,4.074155106614709e-08
2026-01-12,-7.312902415507658,2.148761925524291e-08,-7.26392173142876,3.6264225976774164e-08,-7.326779009679909,1.7895577857254538e-08,-7.290687640775998,2.777712538368164e-08,-7.378648323145519,6.705194389049191e-09
2026-01-13,-6.795277306408576,3.495648551435112e-09,-6.805068211758662,9.644181547275722e-10,-6.781972656022465,6.49550429343088e-09,-6.796363315287452,3.2320859275338805e-09,-6.738184562737743,1.4573184167043771e-08
2026-01-14,-5.275628053818247,3.667016413054063e-07,-5.432567788845793,3.1737307508577233e-07,-5.045682133983565,4.2381799121975747e-07,-5.155742488228934,3.9830558450047195e-07,-4.930138647226354,4.47700267577053e-07
2026-01-15,-6.514487732324184,2.1324478304271307e-08,-6.544183340073418,1.2692237715859655e-08,-6.432854430220875,3.98077466753938e-08,-6.466166621559441,3.29478055041997e-08,-6.418533308777523,4.2538033758270374e-08
2026-01-16,-7.296857601834349,1.138319418996049e-07,-7.165138984604823,1.9174537647392498e-07,-7.144219927818333,2.0694485500300774e-07,-7.211439039064884,1.610327564895875e-07,-7.404041023216132,6.915077419137576e-08
2026-01-20,-6.820601627772672,4.3075085810453524e-09,-6.791222986698932,1.9109089078944266e-08,-6.781555388428854,2.4852194559954352e-08,-6.809088311060814,9.60281170517986e-09,-6.831723046751001,3.3751165731054764e-12
2026-01-21,-7.088158497309625,2.855639747538119e-08,-7.038964135865245,5.0921573029921694e-08,-7.031781776058736,5.463802909122667e-08,-7.077811207151558,3.282270694922398e-08,-7.138103702728395,1.1147509525339613e-08
2026-01-22,-6.948400139812908,4.644757430004842e-09,-6.929674725025333,1.1811052889534365e-08,-6.924175338650399,1.415682166315978e-08,-6.950324791132848,3.9862543053454695e-09,-6.962645468619713,2.150759148854827e-10
2026-01-23,-6.979145631704461,7.3752301104786616e-09,-6.957507199159048,1.578755198952552e-08,-6.937742711515704,2.4748991088677546e-08,-6.951335144685546,1.8458006121522597e-08,-6.998956045647658,1.1287727564192266e-09
2026-01-26,-7.293934842279443,6.758467649319992e-08,-7.227733960979476,9.722771534132829e-08,-7.2505546344927065,8.627041332226785e-08,-7.273562572573984,7.602187682308455e-08,-7.364786849648278,4.25312756881581e-08
2026-01-27,-6.363377903672328,2.96117706171542e-08,-6.390926388741501,1.906113160749534e-08,-6.384209853120835,2.1789839214062494e-08,-6.382008766658372,2.265977808986046e-08,-6.302732825170341,4.85966092669647e-08
2026-01-28,-7.246017397836817,6.102013564203456e-08,-7.193820387156028,8.453776161837561e-08,-7.260390411569039,5.528312768642352e-08,-7.263004248056856,5.427242574771714e-08,-7.311000214783719,3.741962002386755e-08
2026-01-29,-5.717303917143446,1.9792722798375942e-07,-5.7853125451807745,1.7059012034415659e-07,-5.655727528624594,2.1971966269549497e-07,-5.649232885869504,2.2188036279126715e-07,-5.582440975434041,2.427892656926053e-07
2026-01-30,-6.553217037937774,1.3929514650306547e-09,-6.5553669939871515,3.7916662011674986e-10,-6.531868895529615,9.984071558614142e-09,-6.527593217069419,1.1487792607047594e-08,-6.5364538563311845,8.309617699948526e-09
2026-02-02,-5.411868014176667,3.353870083882938e-07,-5.541269126465924,2.798946035612976e-07,-5.230254161952997,3.971572940349251e-07,-5.201514338427835,4.0566021994285243e-07,-5.303508789650133,3.7404980257491944e-07
2026-02-03,-5.9518470954652996,8.01398769266197e-08,-6.006903038272375,3.550589248051508e-08,-6.011156087238593,3.1404114189291433e-08,-5.974797847413298,6.307839436207731e-08,-5.8786009293904655,1.2546206623995812e-07
2026-02-04,-6.3747444176782935,3.06025459827986e-09,-6.378560025897324,5.131728677387023e-10,-6.378649221963333,4.387459362343548e-10,-6.3764518695537,1.9342879850715436e-09,-6.356798084924801,1.3312015644675162e-08
2026-02-05,-6.81818025933883,5.255378068868e-08,-6.763577163384169,9.642719876101394e-08,-6.7988406713604945,6.68139764423203e-08,-6.83518215796139,4.11399470185552e-08,-6.856369073236275,2.8364074484710685e-08
2026-02-06,-6.568367959793218,1.029559713534409e-08,-6.5408088642768085,3.3870581809510375e-08,-6.542857603546786,3.192031432081893e-08,-6.548316834258283,2.687299995085254e-08,-6.580915507224139,1.7484960264527549e-09
2026-02-09,-6.67425910877624,1.3739213826065161e-08,-6.6538078346661,2.83228121776497e-08,-6.653577037206797,2.8501360113400715e-08,-6.665416924090544,1.9738979303913587e-08,-6.690230075508659,4.206039011838233e-09
2026-02-10,-7.337666430692059,1.9740846802278166e-07,-7.291521253267172,2.2617413664936594e-07,-7.29697372300442,2.226051910192632e-07,-7.337525766225308,1.9749133874337624e-07,-7.409916240060723,1.5841709031962343e-07
2026-02-11,-7.109374937403352,7.187127065315015e-08,-7.098058205703198,7.786520940856264e-08,-7.094539136929341,7.978144719759264e-08,-7.1093621145948465,7.18779184455755e-08,-7.150824564763279,5.2027224119240956e-08
2026-02-12,-6.285875834008001,2.8389529459595925e-08,-6.282626782518294,2.9895152378715855e-08,-6.283346009897548,2.956422544837757e-08,-6.270455873770765,3.530665815529585e-08,-6.254404405663129,4.196695811088941e-08
2026-02-13,-7.3605670794671285,1.5330078843883136e-07,-7.345030753877252,1.6143839793799788e-07,-7.2891892202872395,1.935107536221298e-07,-7.2728012447104105,2.0381740236810697e-07,-7.420296079368779,1.2490820837493933e-07
2026-02-17,-6.666343894277971,3.985016326695736e-11,-6.666414471081389,8.12450315205597e-12,-6.663824671189508,1.2615396617380422e-09,-6.664782693450992,7.822147359565166e-10,-6.664512446960201,7.763872157948403e-10
2026-02-18,-5.381767073609686,3.5574493743887254e-07,-5.311771189599808,3.8284036349397077e-07,-5.435056675685894,3.3311536454380227e-07,-5.464391041654102,3.1980269649676664e-07,-5.277252836178217,3.952507594113205e-07
2026-02-19,-6.884481549701767,4.7370002009378674e-08,-6.854791801144021,6.718670476401272e-08,-6.91443297932631,3.021510548613312e-08,-6.918530998086622,2.8085378799926584e-08,-6.914080831665739,3.040054749581786e-08
2026-02-20,-7.336406900832103,1.9397499384808056e-07,-7.288395198488834,2.2378845274913255e-07,-7.4308343753875175,1.4470495750289892e-07,-7.436257352797267,1.4221369842593522e-07,-7.394531073051764,1.6228851857485006e-07
2026-02-23,-7.006594985184122,4.2805132374602896e-08,-6.996305864292463,4.813977673291507e-08,-7.057610065199676,2.0142509578512908e-08,-7.068563395654226,1.6083896437062152e-08,-7.030507131251429,3.140702436601674e-08
2026-02-24,-7.217779371549863,6.715831211513255e-08,-7.223206654074146,6.479504450041839e-08,-7.2998981283996125,3.611562540989077e-08,-7.325612638067491,2.8333080584842844e-08,-7.246154559737447,5.53083555117222e-08
2026-02-25,-7.308155071677818,6.907280775782252e-08,-7.3269842447365905,6.185106080455628e-08,-7.393413375831885,3.989483900601754e-08,-7.39404196439361,3.971171578024711e-08,-7.334954469111802,5.8932649083130784e-08
2026-02-26,-5.812457149333316,1.6358603679502557e-07,-5.744066728718946,1.8589885024553476e-07,-5.613932474197258,2.2158756458435481e-07,-5.612391265204899,2.2196760298443472e-07,-5.76922375996274,1.7802985122958391e-07
2026-02-27,-5.9884923528866825,1.1246693034337131e-07,-5.8948161849444185,1.3859229513114774e-07,-5.788269056547044,1.631318788083346e-07,-5.7877695159851825,1.632367965525167e-07,-5.951770240024613,1.2333086160928108e-07
2026-03-02,-1.5714010983000284,4.75137384394333e-06,-1.3455848693754966,4.827233605183427e-06,-0.12797256091104625,5.148684854793683e-06,-0.0818248033718385,5.158626752083057e-06,-1.3063045001885838,4.839793573882411e-06
2026-03-03,-1.5504620016745365,9.680283945092332e-06,-2.193270649775844,9.052325541225374e-06,0.5143437042268486,1.0906502313261756e-05,1.809969319568121,1.1368832431256006e-05,-1.110054852134125,1.0020994928984415e-05
2026-03-04,-5.879661689745078,4.831486943654328e-08,-5.907406464251534,1.0673852552699005e-08,-5.622996521637766,2.3893276722986893e-07,-5.41018108706016,3.289502114228248e-07,-5.833960762823998,9.636208801632348e-08
2026-03-05,-2.976565348876667,5.372301362113305e-06,-3.3312974739474597,4.97387613567238e-06,-1.1032758580274376,6.581181518483693e-06,0.24808796619964912,7.041861349719565e-06,-2.6434486357562115,5.674984383982182e-06
2026-03-06,2.210547529523608,8.30529216296367e-05,0.7115045004717091,7.82364142332469e-05,7.402365061498308,9.130490522248614e-05,13.875167028886075,9.561024799986672e-05,3.331539001144618,8.561465432577036e-05
2026-03-09,18.19447820442543,0.002664979393347084,14.412546858957022,0.0026206611950419364,38.46185843039014,0.002771718559143531,73.30379208938649,0.0028271048945409773,24.68541530923242,0.002714829792815348
2026-03-10,-0.9597040634333167,8.097279293104442e-05,-1.5606306030732133,7.445913656542593e-05,2.9789809989772023,0.00010014121177286971,9.298475251648782,0.00010980575915050516,0.07500941612905088,8.867919497881857e-05
2026-03-11,-4.924124980574545,8.055419148576383e-07,-4.88454630901874,1.897426091402102e-06,-4.927845086016053,7.175096520404018e-07,-4.932918474133383,3.0597501427354814e-07,-4.964792765995951,1.337833754382894e-09
2026-03-12,-4.780280234460749,4.692813635167895e-08,-4.767172454845598,3.717664670853904e-07,-4.782392517099577,2.816688885907651e-09,-4.637791139691773,1.4415821824333504e-06,-4.7646999396500895,2.657596372724199e-07
2026-03-13,-5.026318730591943,2.821559280918428e-06,-4.979437506612402,4.29824524133322e-06,-5.095423413163912,1.1519263683419282e-06,-5.16797621503957,2.063891020001766e-08,-5.11991810709321,6.971599212124009e-07
2026-03-16,-4.676963862107872,1.0490227718858482e-09,-4.672427418118766,1.2232640716431563e-07,-4.6602463114734975,3.1062576280394613e-07,-4.402681352296526,2.73345362800759e-06,-4.655750953407052,3.828875555759528e-07
2026-03-17,-5.448032550024198,6.5045405690976775e-06,-5.388513526818909,7.970375766806326e-06,-5.53523053157434,4.735056150796363e-06,-5.774006512517897,1.6320587282883722e-06,-5.580624160932584,3.968062221382639e-06
2026-03-18,-4.847881186759913,6.243077733958642e-08,-4.842033268662906,1.8386805517562974e-07,-4.849550763239383,2.6131587818281535e-08,-4.750925295769147,9.613619983260363e-07,-4.849064752659366,3.323901360166807e-08
2026-03-19,-4.848295362854509,6.6838929764062235e-09,-4.848633033022532,1.3519414859754501e-09,-4.833012568411929,2.0790124209837613e-07,-4.647936175546396,1.5829492075853622e-06,-4.839900771261595,1.2336219038909442e-07
2026-03-20,-5.3815274687765084,1.0370709366970234e-06,-5.373366510307943,1.1437523466510915e-06,-5.435620643282057,4.3564907698762654e-07,-5.4915803464431185,9.857514750861717e-09,-5.4050091424604005,7.536360077222641e-07
2026-03-23,-0.6881275197125056,0.00010427726049220518,-0.687152307954995,0.000104287902807062,0.15171473705796767,0.0001119824163227572,3.1324911184561746,0.00012693149975461038,-0.5551016311193999,0.00010568648265425692
2026-03-24,-5.057261613186566,9.640173913716775e-07,-5.042338278352666,1.2815633482078036e-06,-5.022426422456275,1.7508210234422191e-06,-5.114502416603338,3.25566969010175e-08,-5.086911547412819,4.210071670635593e-07
2026-03-25,-5.375717344689675,3.2490766647762663e-06,-5.354556864537362,3.6612269896216288e-06,-5.34191128529489,3.921757496050979e-06,-5.5429355174807915,9.022843583518698e-07,-5.424929330161205,2.3990252851572453e-06
2026-03-26,-5.3487354896109895,1.7213665023307873e-06,-5.3380077332312315,1.8929755042803344e-06,-5.319074656664671,2.215043194931366e-06,-5.454965841650733,4.1615476743377405e-07,-5.36930272725078,1.4136832449307515e-06
2026-03-27,-4.713619179672855,2.878084380828e-07,-4.715919128934286,2.53687329633283e-07,-4.7160508276532696,2.517081573711505e-07,-4.587259069452306,1.5901661433237315e-06,-4.707638885757784,3.730222069662265e-07
2026-03-30,-5.469374207009153,2.1734518609026765e-06,-5.462399416133618,2.2752715312416253e-06,-5.492752488911619,1.850581446165859e-06,-5.631713618331336,4.553065309523013e-07,-5.477843552836287,2.0532440554318876e-06
2026-03-31,-5.280156015432103,5.406429124403638e-07,-5.2801520767904995,5.406925606239102e-07,-5.298748886971795,3.213412404400533e-07,-5.333367063344782,2.8162105194581743e-09,-5.276070456759438,5.928594629874098e-07
2026-04-01,-5.345957638315835,3.8472775894083655e-07,-5.352077241136538,3.2160103184919024e-07,-5.3643928500558475,2.037053146212783e-07,-5.3899638631787665,3.740974671875076e-09,-5.332741431135862,5.310060877595907e-07
2026-04-02,-1.9921188513991899,4.4619416799109347e-05,-1.8270456829148198,4.601278876486203e-05,-1.6963195936509505,4.702329850384005e-05,-0.650546825582488,5.306855265376514e-05,-2.2187566106692542,4.245103352733753e-05
2026-04-06,-5.427842805230354,2.505076251347401e-06,-5.393975290309917,3.0804041829131e-06,-5.549401177193334,9.492073795800334e-07,-5.651740380043685,1.6667009170090762e-07,-5.427075134606956,2.517372305129306e-06
2026-04-07,-5.19155289745675,2.823443056901483e-07,-5.179813381039926,4.402722562870213e-07,-5.217369946385655,3.0084770632661745e-11,-5.158622178047554,3.0510557752815845e-07,-5.179118034483512,4.501248436692314e-07
2026-04-08,-0.8989162624408413,9.225539553825994e-05,-0.9921182009156251,9.124667567345368e-05,0.3504435886773001,0.00010247482592318584,2.816142054529582,0.00011345751005353395,-1.2395038300364618,8.832917203272067e-05
2026-04-09,-4.915947297454121,7.452806815238955e-06,-4.832890811332921,1.1826546263737764e-05,-4.738983971743226,1.8384523315479897e-05,-5.026623085587955,3.309319141075941e-06,-4.974639237153121,5.039443598589401e-06
2026-04-10,-5.220220774357126,1.2202630844573341e-05,-5.121296731034515,1.6545813504045033e-05,-5.007519469094568,2.302765058538908e-05,-5.409183130332869,6.410034873083897e-06,-5.273875704584308,1.0260487261457247e-05
2026-04-13,-4.872537645893583,1.9138353104135594e-06,-4.834127306671064,3.269581849310961e-06,-4.766692345949101,6.338630750880641e-06,-4.937963189258448,2.3599267054294765e-07,-4.88203171266429,1.6206102689140915e-06
2026-04-14,-5.073898385124516,3.0678063034369116e-06,-5.040069665482359,4.0601615623944664e-06,-4.9591420897687115,7.02690627482811e-06,-5.190898936188045,6.125218301459963e-07,-5.076050087904746,3.009246874633857e-06
2026-04-15,-5.089179527532686,4.456801365113695e-06,-5.04584046031794,5.881991359015446e-06,-4.9285849630811445,1.0966552562818892e-05,-5.152184515998236,2.7560374601948924e-06,-5.093611417919384,4.3232717183095235e-06
2026-04-16,-5.354026418783016,6.504894515712948e-06,-5.322770908241083,7.332904016242424e-06,-5.170493178592264,1.2532522705161506e-05,-5.490097847081627,3.647901153353968e-06,-5.339503819565818,6.880718650748268e-06
2026-04-17,-3.118177376056673,2.7993444116959972e-05,-3.155163461488843,2.7146973363193195e-05,-3.3960372832515224,2.0383882803764492e-05,-2.661075576684402,3.600166567641614e-05,-3.1859721956453453,2.6409842692872575e-05
2026-04-20,-5.2864865986394785,1.1501467535810525e-05,-5.21073818957796,1.4417472823360049e-05,-5.0042813886513215,2.56545143496992e-05,-5.309211968189051,1.0727284521084206e-05,-5.288418961942756,1.1433931493007225e-05
2026-04-21,-5.015264273946468,4.866340920376578e-06,-4.969207855059013,6.597029345515932e-06,-4.859220090656683,1.2023085087777971e-05,-5.064453600229244,3.3218061759532028e-06,-5.010765182133588,5.022821514272465e-06
2026-04-22,-5.144151805892992,4.7250195181034375e-06,-5.1048330053575555,5.941905544264281e-06,-4.99119730317741,1.047433696241438e-05,-5.21795637249796,2.8530913753904513e-06,-5.11720115849813,5.541429615708583e-06
2026-04-23,-5.243624936793627,3.885687931317143e-06,-5.218164653226169,4.516922121682307e-06,-5.0997322012553585,8.25545782027546e-06,-5.343903521186465,1.8955354662660302e-06,-5.193743615240584,5.175749644588361e-06
2026-04-24,-5.413456391480711,4.547898896439155e-06,-5.396841442764898,4.895739056962522e-06,-5.270616325599802,8.161604542799252e-06,-5.555557242393681,2.2031270324350263e-06,-5.335916823172036,6.326444280035516e-06
2026-04-27,-5.706986107815351,6.541323476929134e-06,-5.709510811807291,6.49816129941951e-06,-5.5399687090353265,1.0023126541826712e-05,-5.8984928164766925,3.889044474481863e-06,-5.580919757746125,9.044466678313876e-06
2026-04-28,-5.484618658911696,2.394600192544608e-06,-5.501683041899187,2.1522046553615043e-06,-5.387377923423817,4.0780528741066575e-06,-5.6201184939630675,8.390859783970957e-07,-5.3828009978428595,4.171122068362662e-06
2026-04-29,-4.6039353250547865,8.581837133235844e-07,-4.586916893969458,1.0728736854447673e-06,-4.637766138960288,3.5953586370092085e-07,-4.427486142093986,2.536875163525144e-06,-4.648607425255576,1.6663598071176397e-07
2026-04-30,-5.245006427176387,7.668772200557607e-07,-5.249674415539026,7.004145799723595e-07,-5.2338645360019,9.333237949699579e-07,-5.3130293854041115,2.9380989445428088e-09,-5.1824724781792195,1.8452308470698522e-06
2026-05-01,-5.261191611595043,3.713541241521885e-07,-5.268514345002274,2.8616879935262613e-07,-5.252854253691788,4.7463195056434405e-07,-5.29768751734955,5.236686083508237e-09,-5.196391674053179,1.3430018849622751e-06
2026-05-04,-5.04889936856754,2.7414033456885612e-09,-5.046587389563678,2.600871078027526e-08,-5.0490260255662305,1.4443463845391554e-09,-5.011711651047645,2.952886056825114e-07,-5.030956383026293,2.641354817049143e-07
2026-05-05,-5.806391809364408,2.538583635623187e-06,-5.841227125466011,2.2033336575797942e-06,-5.81438465551095,2.4586977649660464e-06,-5.991488912861332,1.0950267662717246e-06,-5.641230841723541,4.6497077747783176e-06
2026-05-06,-2.5418413333688217,3.162546330010064e-05,-2.405252604692084,3.284835461671914e-05,-2.604790162662881,3.101753981466541e-05,-2.0993163179716063,3.5196463825653056e-05,-3.054236922442302,2.5559096842299246e-05
2026-05-07,-4.901455793111283,1.0423671937676024e-07,-4.901532744182212,1.0335727703534472e-07,-4.909560332462672,4.170403306671552e-09,-4.904021672351048,7.433065056615605e-08,-4.907759942722581,3.3315233371686464e-08
2026-05-08,-5.711561654870476,1.6403838428320335e-06,-5.730250506527937,1.467386779399041e-06,-5.633258654225354,2.4948354191534257e-06,-5.731539059902317,1.4558672257793458e-06,-5.573815066973237,3.300646239520267e-06
2026-05-11,-5.876021259538072,1.7848993518653317e-06,-5.919791958351886,1.454429337478777e-06,-5.806184143611389,2.41035743954968e-06,-5.937768000156257,1.3311434559068881e-06,-5.704995465360311,3.5685738756341725e-06
2026-05-12,-5.847431484643665,1.2030042292243737e-06,-5.894723186502403,8.902113774143188e-07,-5.808930249542453,1.4984092455823507e-06,-5.921874933149581,7.336034933462707e-07,-5.685494674466784,2.7340859306424493e-06
2026-05-13,-6.106962036042878,2.3291021360081497e-06,-6.171107534675326,1.918093786975195e-06,-6.097961287056177,2.3921180001210796e-06,-6.252542433678155,1.4824372557056002e-06,-5.891281715856956,4.284222824659594e-06
2026-05-14,-6.1913091907172095,1.948334771332283e-06,-6.274973783063843,1.5080212723326261e-06,-6.191914542873176,1.944811833074068e-06,-6.3296354072101035,1.2662465481244439e-06,-5.951775400546801,3.832570642060015e-06
2026-05-15,-6.021208698021707,7.795399201286722e-07,-6.094767714107447,4.627600300710836e-07,-6.035387074214931,7.115736075653628e-07,-6.140843869505426,3.064331696009959e-07,-5.829340903838207,2.0949676859993378e-06
2026-05-18,-5.506346559099456,4.908979683435324e-09,-5.5047422410512,1.0692465959699665e-08,-5.506781478162929,2.5595728018390923e-09,-5.478486634060547,9.485704500362905e-08,-5.45449807248878,3.750604508569641e-07
2026-05-19,-6.377852198794774,1.7049840639564132e-06,-6.480564578723428,1.2956327636519349e-06,-6.47833238321071,1.3035320720723626e-06,-6.636048371482984,8.362178869599804e-07,-6.104850630182622,3.3945664064445944e-06
2026-05-20,-5.12926566311747,3.9933092301221017e-07,-5.044901155201075,6.733214572342837e-07,-5.055598175991195,6.426735243489704e-07,-4.916785050787027,9.814114996477438e-07,-5.209431623898864,8.668871164577847e-09
2026-05-21,-5.346897338333493,2.3992237738239265e-08,-5.343897962557338,4.639705047600352e-08,-5.310938345246016,3.582652210137558e-07,-5.349418043307134,6.4168859415915715e-09,-5.314142497793487,3.2348218095144527e-07
2026-05-22,-5.859006207366049,8.541238962327544e-07,-5.856340150775292,8.709123318456804e-07,-5.747250658686725,1.7167995115318031e-06,-5.86260804317493,8.317134556187559e-07,-5.735002078978492,1.832983758732659e-06
2026-05-26,-5.6880218363621875,1.9234309096194496e-07,-5.696525894103052,1.4858039894292138e-07,-5.632733073757485,5.453606698647819e-07,-5.705903623136967,1.0374647943008671e-07,-5.604925195184894,7.677881530613254e-07
2026-05-27,-5.4780849310835835,4.2241531988772327e-10,-5.477601976366046,2.5777499657752108e-09,-5.461984736345104,9.808484922337903e-08,-5.478000641932997,8.334857867507191e-10,-5.447077653296188,2.0852615004738235e-07
2026-05-28,-5.611250845933568,1.2784177089130463e-07,-5.611443372354001,1.267727730210913e-07,-5.5350571301680755,6.900889230886869e-07,-5.5709966958171595,3.9104962543960233e-07,-5.547492923059919,5.798085200416386e-07
2026-05-29,-6.260101990220289,1.447081787235979e-06,-6.291187948571854,1.3058369536177443e-06,-6.082930691283469,2.501392488717268e-06,-6.198143380681544,1.7642602799149343e-06,-6.0697204747089,2.599955242804462e-06
2026-06-01,-5.346325171651767,8.070913579057801e-08,-5.329972778608965,1.437611818927321e-07,-5.363324067992412,1.5313299020500066e-09,-5.360290365588751,1.7536620584897798e-08,-5.361152144885542,1.580515403396266e-08
2026-06-02,-6.065367665942947,7.824284820686155e-07,-6.077720895044518,7.261532358972763e-07,-6.000414383430584,1.120246243265559e-06,-6.060540084330752,8.050825815089638e-07,-5.925777860990983,1.6059367137432947e-06
2026-06-03,-6.202125123663039,8.514822079271613e-07,-6.233812061746223,7.290877864535862e-07,-6.152449569068232,1.069024542741143e-06,-6.225524366484689,7.59934835294596e-07,-6.037054509582746,1.7148749999185616e-06
2026-06-04,-6.121541017561018,4.882507727657279e-07,-6.15630542923575,3.692899078336962e-07,-6.103519116893533,5.565949867072278e-07,-6.160688511709746,3.554499893980474e-07,-5.97926285366489,1.1687194814290762e-06
2026-06-05,-6.123268368751409,4.1965642048897007e-07,-6.156632676369254,3.114602655014748e-07,-6.090665671892626,5.405855436126974e-07,-6.110818740275986,4.6400694771239476e-07,-5.985802897665553,1.0443636599058046e-06
2026-06-08,-5.8196976208572755,3.665054605684843e-08,-5.829021256869422,8.655404237943809e-09,-5.805507536068333,8.637083590138101e-08,-5.800447312795693,1.0587197077246212e-07,-5.756424081475769,3.1078731080448333e-07
2026-06-09,-5.524032945862936,6.727504385846393e-08,-5.489941901318632,1.508235388409547e-07,-5.533100188839169,4.0962309646915884e-08,-5.53264754977384,4.2338308269360716e-08,-5.5428148588549915,1.0952616698565653e-08
2026-06-10,-5.979735740550835,7.359471248773901e-08,-5.99887656551623,2.5536396405022503e-08,-5.9550260228452245,1.4858353451899845e-07,-5.9369377774188665,2.1209984199370812e-07,-5.895525253198492,3.847017149172919e-07
2026-06-11,-4.285964968061794,2.8456122777929836e-06,-4.084316770722987,3.2893092496780283e-06,-4.359859985298144,2.652347426609777e-06,-4.424150362113069,2.466656800821657e-06,-4.60716360688913,1.813650596943147e-06
2026-06-12,-6.083748162117195,7.420720712325787e-08,-6.109028145497853,2.15117426345596e-08,-6.064587327633039,1.2218149378443498e-07,-6.02981209352981,2.2586097485238868e-07,-5.992013446117825,3.6299284985025385e-07
2026-06-15,-6.457879114148914,4.466503485437214e-07,-6.522378783511866,3.124434473833975e-07,-6.386953441703355,6.301318989074939e-07,-6.28461737761247,9.741583044439646e-07,-6.286045564505213,9.686254129774997e-07
2026-06-16,-4.910017308360018,9.69357734613617e-07,-4.88010668334993,1.0477102675168108e-06,-5.0533991593186105,4.919136229049769e-07,-5.109885939073157,2.198919710982501e-07,-5.056768679721108,4.776952153990401e-07
2026-06-17,-5.276495385084477,2.1700127038529146e-07,-5.29129593652302,1.6293577320470237e-07,-5.32674884256392,1.9435340230075046e-09,-5.315830289725822,8.803574177367007e-08,-5.319744296807682,3.985192921176946e-08
2026-06-18,-6.09862783835135,2.4085877785043925e-07,-6.096359356797807,2.4777286723286293e-07,-5.960175364459933,8.179171928618926e-07,-5.90425966582732,1.1524246922373964e-06,-6.009570127721571,5.739039838352125e-07
2026-06-22,-5.68236081861893,1.1552037625508603e-08,-5.678404640484008,2.1467033734279554e-08,-5.67322266417,5.1945109357353484e-08,-5.660916786731462,1.0950667411895998e-07,-5.679486045512962,2.584420652781775e-08
2026-06-23,-6.579712344159885,6.992518091136237e-07,-6.619638430542791,6.082727142721783e-07,-6.38213707538567,1.3162783522871124e-06,-6.288850012008003,1.730683016324702e-06,-6.410924919553722,1.2062904822731302e-06
2026-06-24,-6.009704636197227,2.4736531376032125e-08,-6.018226302396081,7.150921057152334e-09,-5.951132434231857,1.9508305789313864e-07,-5.892934089780457,4.388256566808922e-07,-5.958079157168778,1.708944778115641e-07
2026-06-25,-5.96429271622807,2.144801362273131e-08,-5.968883193423602,1.108654218073734e-08,-5.894605820346141,2.4957894978015285e-07,-5.820172560369145,6.232664313725535e-07,-5.920478798087774,1.5092152126981143e-07
2026-06-26,-6.10280068404151,5.750806881727546e-08,-6.115040099144663,3.262335253708495e-08,-6.029785358343272,2.612986496859975e-07,-5.9552082552621375,5.670859204782795e-07,-6.040063291704314,2.27038453175784e-07
2026-06-29,-6.617148901893874,6.673756368542112e-07,-6.643072524908983,6.108530128632448e-07,-6.401680930897354,1.3135941904327624e-06,-6.232752331780204,2.119246466374558e-06,-6.46614945083271,1.0827549980644303e-06
2026-06-30,-6.48598601777551,3.650426645765163e-07,-6.5175873620564015,3.0314600727800387e-07,-6.345233649431669,7.325066232659091e-07,-6.214291757985732,1.2439262837636853e-06,-6.362402457442806,6.78680756313261e-07
2026-07-01,-6.541382767300015,3.272184653280691e-07,-6.584767150174602,2.526183151205422e-07,-6.4079654535254,6.353928163019978e-07,-6.2554048086198515,1.1750785311606365e-06,-6.411088723126529,6.26633535860207e-07
2026-07-02,-6.738407715184229,4.4180254850401163e-07,-6.814725138743121,3.286262939552024e-07,-6.5966863596153535,7.251340529406647e-07,-6.407455492517173,1.3048845630198017e-06,-6.577069515428656,7.732695103583981e-07
2026-07-06,-6.901224590515153,4.841155270622628e-07,-7.02074736121828,3.3643901842417186e-07,-6.7731781133890205,6.978118843849126e-07,-6.605132858493647,1.0959481711217757e-06,-6.713996474678693,8.207068543954875e-07
2026-07-07,-5.724354803990036,1.1070443582186782e-07,-5.618064971750357,2.1871675827187291e-07,-5.76492437540331,5.446817085475548e-08,-5.792265919791223,5.1033048227917754e-09,-5.786749307229112,1.6511776118198254e-08
2026-07-08,-5.568946309049759,2.095926516971688e-07,-5.448598148002352,3.3306417777266055e-07,-5.601932100915931,1.669031710060283e-07,-5.663293341943343,6.861402133922196e-08,-5.66303530797061,6.910564122292953e-08
2026-07-09,-5.981614631981351,6.253507810068238e-09,-5.97121519578299,1.994476327305786e-08,-5.97897612681559,9.934137203675718e-09,-5.985240038235598,8.738901845494446e-10,-5.980568972378797,1.0141816764704377e-08
2026-07-10,-6.630651720787915,1.6543470740828877e-07,-6.669511192139289,1.1888959489850313e-07,-6.631359823774694,1.6451913232309494e-07,-6.526207687274252,3.307648341042825e-07,-6.516997083614616,3.484783323972198e-07
2026-07-13,-4.201189581497376,2.246187944357907e-06,-3.960952409833704,2.489788750325639e-06,-4.162105750493501,2.289666478541585e-06,-4.527665520897839,1.800249457640058e-06,-4.565736701743516,1.7355054391501864e-06
2026-07-14,-6.15447775859674,3.1592744649331903e-07,-6.071673029761937,6.157883008409167e-07,-6.234187866152551,1.143305063757897e-07,-6.227528910010191,1.281528589805829e-07,-6.106218866268177,4.785959653536536e-07
2026-07-15,-6.40174446330827,5.062426568637705e-07,-6.308302944884053,7.878296968583497e-07,-6.527480127639914,2.3979717544319865e-07,-6.521603406280265,2.498020152239832e-07,-6.319245689555217,7.505670524923756e-07
2026-07-16,-6.575299787159825,5.665697182690404e-07,-6.496702742466631,7.601669212700278e-07,-6.737707165842567,2.8041726222092063e-07,-6.7502113186427195,2.6363780846552564e-07,-6.466742321911582,8.454892045398656e-07
2026-07-17,-5.953930700189811,5.605756494671931e-10,-5.950044706248934,8.634162793192605e-09,-5.925027439562285,3.91592052841713e-08,-5.925805893559191,3.8265047881175956e-08,-5.9381557311406326,3.754883313888906e-08
2026-07-20,-5.542291021816949,1.1556581529058439e-07,-5.565878924892985,6.02646459992665e-08,-5.372004692540337,3.781907960949897e-07,-5.367814372763446,3.8305729481425666e-07,-5.575480215439348,3.434627346338964e-08
2026-07-21,-6.2764253907913625,1.0230254471794158e-07,-6.257928735833643,1.3858701448085552e-07,-6.345173047803934,2.4187439919048762e-09,-6.346378886920579,1.2811572379850594e-09,-6.216936207148017,2.328686364310651e-07
2026-07-22,-6.080303311956068,6.558104188955681e-09,-6.077347463227723,1.1706325886733236e-08,-6.046200978859526,3.7894314739132434e-08,-6.041441173039054,4.177489767898431e-08,-6.054328435794191,5.968721776760506e-08
2026-07-23,-5.12466807565948,6.417764589806982e-07,-5.134381106900774,6.263806867919816e-07,-4.617402188703313,1.1735332685526698e-06,-4.601098414316441,1.1852926748548337e-06,-5.250867828376435,4.092899978807996e-07
2026-07-24,-5.741389934918227,1.2415420598671863e-08,-5.746522355454802,6.582467759615139e-13,-5.583368843974119,2.28074567950951e-07,-5.5295105315859825,2.7676175025079983e-07,-5.746342470012899,5.101301118934304e-10
2026-07-27,-5.8397464247034545,2.7587696038450145e-10,-5.837223312547623,6.689134711189106e-09,-5.78452947009012,8.373011408461318e-08,-5.782035993890185,8.675083287648195e-08,-5.8346856724528635,1.3641852231808241e-08
2026-07-28,-5.702679115868558,3.3877726038661336e-08,-5.666686325748139,2.0654122897496113e-07,-5.677121460852061,1.5055812885454013e-07,-5.7056668529486965,2.244114967735172e-08,-5.693714703182415,7.123371310193392e-08
2026-07-29,-5.371103583078577,7.247806913784321e-08,-5.387155991158547,3.543732015565258e-10,-5.387201673639249,1.0176519516452493e-10,-5.384287853031834,1.5018597823380906e-08,-5.38017078569491,3.421198977916302e-08
2026-07-30,-6.165452882288379,1.2982423236298459e-06,-6.031682824378346,2.109469828283408e-06,-6.120292850648877,1.5400628553899868e-06,-6.183667261911084,1.2089527167133216e-06,-6.137237745706587,1.4457933857345201e-06
2026-07-31,-5.3455232009229405,7.211953184876866e-08,-5.360414774817484,1.1945598637621647e-09,-5.3527806241716025,3.980098624147037e-08,-5.340071102805458,9.471668560626053e-08,-5.35493373566491,2.9559458422337907e-08
2026-08-03,-6.257908634847655,7.987922035280757e-07,-6.183320352437645,1.107669497076803e-06,-6.249060103994793,8.319495143101211e-07,-6.307502173164748,6.287720105212756e-07,-6.204413195556124,1.01333167832813e-06
2026-08-04,-4.438575325908624,2.5320800267001274e-06,-4.560788548184364,1.953359361900341e-06,-4.563288294867666,1.939862287899751e-06,-4.525261829536277,2.1370734570978005e-06,-4.509934516456507,2.2120207920696047e-06
2026-08-05,-6.209003929555394,1.4258963072191897e-06,-6.09839118388271,2.0637483765779466e-06,-6.029739578507551,2.560085261624662e-06,-6.037700914845942,2.4980680510924626e-06,-6.167545060236617,1.6438607338360849e-06
2026-08-06,-5.874709401805749,2.526696557939545e-07,-5.835475864021428,4.388301926519119e-07,-5.792823920369506,6.861076478939166e-07,-5.8010380313403545,6.347165473169825e-07,-5.847950813732571,3.754476036057089e-07
2026-08-07,-6.357413896002078,1.2074501013142302e-06,-6.295872607268281,1.4681110784487804e-06,-6.235189841852179,1.767474489676728e-06,-6.254864005292629,1.6654596858342067e-06,-6.292509985637738,1.4835473529255407e-06
2026-08-10,-5.733536038174098,1.3087255780898038e-08,-5.729129103764752,2.8648682596686988e-08,-5.716549636162662,7.895766230713044e-08,-5.724530086545162,4.6118320056051816e-08,-5.720552313655487,6.21086996799833e-08
2026-08-11,-6.167575339037436,6.098505074945746e-07,-6.1298128472295295,7.603452812038883e-07,-6.146120327890271,6.929695533452473e-07,-6.172623091371354,5.911788436448798e-07,-6.115131600992072,8.242263171760003e-07
2026-08-12,-6.521227911922124,1.1255672651567473e-06,-6.48697605542906,1.2385355398198586e-06,-6.5074370277067555,1.169955013191656e-06,-6.559623966079638,1.0093795095450586e-06,-6.4223786436102,1.47798898095532e-06
2026-08-13,-6.277139587415984,3.691113750968729e-07,-6.277412460555253,3.683716525834966e-07,-6.284228745435668,3.5014356394347415e-07,-6.33362683171151,2.3187447915686862e-07,-6.204540581285148,5.9488221726759e-07
2026-08-14,-6.544300088987882,7.06310307954726e-07,-6.55799270819163,6.725595475195668e-07,-6.54248895329431,7.108676935179529e-07,-6.564923062209396,6.55943282834624e-07,-6.438890232421542,1.0111694938493065e-06
2026-08-17,-6.237524642532478,1.5936224659608854e-07,-6.256076168057453,1.2035203778552337e-07,-6.249445250113018,1.3383920399927908e-07,-6.263450325701696,1.0594672328399991e-07,-6.174522920542039,3.223437386687657e-07
2026-08-18,-6.799896644507476,8.523149190400902e-07,-6.855850727406791,7.435684397371827e-07,-6.8682184273526214,7.212949200354569e-07,-6.901034817726626,6.650763360080358e-07,-6.6602762914351175,1.1897368460085805e-06
2026-08-19,-6.540999840643728,2.850922908070817e-07,-6.592367370838549,2.0256465723474958e-07,-6.594936068205474,1.9883499054382473e-07,-6.626235619906162,1.5625187263031994e-07,-6.436901906758926,5.04490135317527e-07
2026-08-20,-6.415448958691148,1.0814340175038558e-07,-6.457220742504825,5.1108254055991483e-08,-6.458101694346287,5.005787480816739e-08,-6.477186827432873,2.8884039321215475e-08,-6.336127310363728,2.565269448866622e-07
2026-08-21,-6.906885486219776,5.007731722585816e-07,-7.012496325141816,3.666884116891136e-07,-7.0432428730013195,3.3373375533582906e-07,-7.094488156796836,2.8411962806832904e-07,-6.748851574740951,7.765051454872494e-07
2026-08-24,-6.837613882044515,3.0187515000279625e-07,-6.942738666303933,1.888529723680543e-07,-6.956708817498645,1.7636797572489037e-07,-6.976557231212258,1.595495753114492e-07,-6.693234668099101,5.242709738197642e-07
2026-08-25,-5.034264012476979,7.643616981686297e-07,-4.841335131330471,9.626508502891634e-07,-4.8777210028743845,9.295063879810029e-07,-4.928961144885207,8.798126825451998e-07,-5.21855707791694,4.977082215958806e-07
2026-08-26,-6.206626599849925,2.275035331081792e-09,-6.207294658018829,1.2741025744790327e-09,-6.207874418230233,7.616748816046139e-10,-6.201588422354676,8.94546305287196e-09,-6.180622131009881,4.260819031602885e-08
2026-08-27,-6.269727897953604,1.4683927955730137e-09,-6.266271176152532,4.139540219538336e-09,-6.271139316351433,2.057377248777907e-12,-6.269530186603566,1.682008760546666e-09,-6.243019248686394,3.792301527509711e-08
2026-08-28,-7.090326884959356,3.325765899893739e-07,-7.226321775375225,2.1951690340100746e-07,-7.165621538029967,2.6532273922150354e-07,-7.120478893358586,3.041485817354006e-07,-6.925156376573486,5.306389795341517e-07
