Date,spy GARCHNet | qlike,spy GARCHNet | mse_var,StaticGARCH | qlike,StaticGARCH | mse_var,GJRGARCH | qlike,GJRGARCH | mse_var,EGARCH | qlike,EGARCH | mse_var,EWMA | qlike,EWMA | mse_var
2025-06-02,-8.492985130302708,3.861414325955903e-09,-8.167716907250574,2.228793339581591e-08,-8.283065099779746,1.3523304993762043e-08,-8.543600068924627,2.4511034909125258e-09,-8.0780501345391,3.1394379837164684e-08
2025-06-03,-8.829167770726098,7.547678085874514e-09,-8.377307778410874,2.9636164862248138e-08,-8.51904645948768,1.9982781002227767e-08,-8.908495600253168,5.663755153654189e-09,-8.268602378382566,3.9528112488442486e-08
2025-06-04,-9.161415158977752,8.567359034922335e-09,-8.538704722985054,3.3629562096079076e-08,-8.698162705998683,2.3874553962309205e-08,-9.195237741829027,7.931732034217683e-09,-8.416605495636416,4.360416458040867e-08
2025-06-05,-8.597325067681068,7.047467793165352e-10,-8.272463033133352,1.287921763233007e-08,-8.366077023583584,7.76704588467992e-09,-8.587953306469107,8.646907019337534e-10,-8.18829174439569,1.895451625616348e-08
2025-06-06,-9.19729317727238,4.625721118401869e-09,-8.594460953546468,2.3303665784833198e-08,-8.715390765056943,1.728008489432101e-08,-9.053044352934423,7.056538963128092e-09,-8.478057395595021,3.083681596833978e-08
2025-06-09,-9.268078402788614,6.204985029747356e-09,-8.66758613943637,2.4530838339931508e-08,-8.819930285665206,1.7496937790591318e-08,-9.25342658558804,6.42732324588872e-09,-8.548682939920281,3.181614667470114e-08
2025-06-10,-9.257878010671483,2.954800800642583e-09,-8.65242932039427,1.8275837264640282e-08,-8.781687940284591,1.2949541873312506e-08,-9.145113541097908,4.375322707469018e-09,-8.541992366162349,2.4254380882964256e-08
2025-06-11,-9.115944337939755,1.1073410520333594e-09,-8.599228337808766,1.2874320580933078e-08,-8.71253057315812,8.649940422680735e-09,-9.027594797750325,2.0392149260606254e-09,-8.50178665537533,1.764432955928185e-08
2025-06-12,-9.416931502973442,1.8299043451627036e-09,-8.755484320439601,1.4577831810691216e-08,-8.87205503700217,1.065353587809668e-08,-9.196729939520107,4.0462355050844634e-09,-8.647046381908346,1.9302462161330138e-08
2025-06-13,-9.050481416075833,2.9822962099457377e-10,-8.62766585728275,8.161655482687126e-09,-8.714746524094013,5.520149805124032e-09,-8.945064412526666,1.2645505520760626e-09,-8.541337143965904,1.1530324972202388e-08
2025-06-16,-9.347455392286124,2.4027146636558736e-09,-8.80311255137719,1.2865500827185908e-08,-8.863303085198337,1.093120520073327e-08,-9.093330064817897,5.6276540262992014e-09,-8.703124728507277,1.6736596128639042e-08
2025-06-17,-9.205972402080008,2.0613775807161487e-09,-8.764324513454442,1.0731378969038099e-08,-8.843926646414785,8.344135814257165e-09,-9.103402427608149,3.2533822412067356e-09,-8.674896635306125,1.404014429521686e-08
2025-06-18,-9.235166537691613,2.3140857209477155e-09,-8.801690014334385,1.0591505286927114e-08,-8.850929167604638,9.127921720725406e-09,-9.029291397080163,5.111666428332898e-09,-8.71476598809755,1.3644499820657264e-08
2025-06-20,-8.932016369522751,6.996211041690643e-10,-8.668927577026682,5.480667054053169e-09,-8.699661082326877,4.662567685963733e-09,-8.809599122265938,2.3457581818782084e-09,-8.602154963371992,7.55711133493803e-09
2025-06-23,-8.479025207960174,6.747190287066569e-11,-8.415828602811231,1.3862617516169707e-09,-8.42482708862357,1.1621463983276394e-09,-8.45241366696583,5.546732541223697e-10,-8.37959766393549,2.4165481185793804e-09
2025-06-24,-9.278883871636237,2.6733342301831154e-09,-8.922794841064615,8.606010500394288e-09,-8.979104846400297,7.282052594683999e-09,-9.119543083774017,4.6824037615780866e-09,-8.84467515034738,1.0767773686965192e-08
2025-06-25,-9.370719346145899,4.3753343195394985e-09,-9.009480477343702,1.06935279346424e-08,-9.120563898498043,8.191215780743159e-09,-9.361391693156655,4.48244248156578e-09,-8.930112645302573,1.2891361072184725e-08
2025-06-26,-9.438216382882999,2.2662405658302426e-09,-9.0091877407322,8.29998722904771e-09,-9.103244627833941,6.398327986029972e-09,-9.303873683823884,3.526548569446351e-09,-8.936811968596382,1.0075393289744086e-08
2025-06-27,-9.216335303621802,1.0063832608234147e-09,-8.889733782083223,5.4611423184120585e-09,-8.982376592681574,3.7164996148292246e-09,-9.172259213356401,1.3671804441625068e-09,-8.832903884873295,6.780181499736011e-09
2025-06-30,-9.502968382439445,1.5051683177003217e-09,-9.053480467040684,6.794017303226067e-09,-9.165162953835994,4.877152196363125e-09,-9.426424984569774,2.028312063927824e-09,-8.99117734240825,8.110155602213608e-09
2025-07-01,-9.688647581842533,1.6073241504626471e-09,-9.155881435184384,7.0994905376577196e-09,-9.27773494579305,5.191645977911867e-09,-9.590051154233425,2.17659241069302e-09,-9.0935251576247,8.298091038826588e-09
2025-07-02,-9.699271038023818,9.258932947329156e-10,-9.164156820179839,5.648150914080926e-09,-9.26933603747544,4.163877985585043e-09,-9.525564944591322,1.819067256468466e-09,-9.108712545055038,6.594074491653712e-09
2025-07-03,-9.743760884786813,8.269685334040612e-10,-9.206403257121426,5.155860596317831e-09,-9.313026867459767,3.779967500240739e-09,-9.589906840382728,1.5240230736890331e-09,-9.155802451901732,5.942266701361979e-09
2025-07-07,-9.222747842836823,7.957446686292291e-11,-8.959866687191468,2.3846982693079834e-09,-9.046756633840552,1.3231859768576363e-09,-9.21216786529816,1.2345430455583247e-10,-8.928871992689903,2.8496700809943874e-09
2025-07-08,-9.841867475020594,1.614371435729115e-09,-9.3186043555542,5.919986746332923e-09,-9.420621038475323,4.652437710874187e-09,-9.688136371715435,2.409866073011038e-09,-9.27669528043944,6.527550015995125e-09
2025-07-09,-9.70105398548198,1.024580111154133e-09,-9.278231651927369,4.2530197254413176e-09,-9.359833156416766,3.335836151100689e-09,-9.556007807188168,1.7637555779187367e-09,-9.24542625868043,4.676004980765793e-09
2025-07-10,-9.715007082158857,9.284480466647363e-10,-9.298605110472275,3.933385848791722e-09,-9.391875136710219,2.9584774580928736e-09,-9.621949969425609,1.3453395732313593e-09,-9.272099952403744,4.253640418945568e-09
2025-07-11,-9.879802873366536,8.487249435414714e-10,-9.38631703368005,3.906774366895757e-09,-9.479793964002132,3.0169271500416334e-09,-9.731089994060593,1.4153879554116494e-09,-9.364679786672871,4.1420055021139685e-09
2025-07-14,-9.949151941759265,6.307087608518645e-10,-9.420050511994491,3.5171107732893743e-09,-9.49547591165848,2.844384506645554e-09,-9.667456949654136,1.6994525923000747e-09,-9.405281527762394,3.6634646637615862e-09
2025-07-15,-9.360412582986708,4.8133803713297356e-11,-9.152627328728183,1.2427600675831307e-09,-9.194366116432867,9.036343555599328e-10,-9.283863344487475,3.502006360606902e-10,-9.147810557660623,1.2855140182595011e-09
2025-07-16,-9.07446365125684,3.1504715162336466e-11,-9.004801279165893,5.026001943700985e-10,-9.023660675112007,3.559658363096764e-10,-9.052350605958356,1.652320963414083e-10,-9.004795760985834,5.026455421550366e-10
2025-07-17,-9.717438106055983,5.574768966044038e-10,-9.430988635166846,2.030269726565374e-09,-9.472102776083755,1.7368036166199308e-09,-9.556718723375063,1.2296747371291245e-09,-9.437963912366616,1.9781163102866347e-09
2025-07-18,-9.788537951943436,1.5010432591117506e-09,-9.576759723105194,2.7199967322132415e-09,-9.646864198918536,2.24742473577132e-09,-9.79642708192842,1.4664773894205972e-09,-9.593161854610532,2.6024146630783018e-09
2025-07-21,-9.826421318804398,1.1781905022590664e-09,-9.602209460610615,2.3203092346142367e-09,-9.661071020707501,1.9575989746351302e-09,-9.765787564740895,1.4276597331981992e-09,-9.62705433022474,2.160937447490464e-09
2025-07-22,-9.77752219785965,1.033033558380036e-09,-9.60215445842259,1.88125222428331e-09,-9.652149649739906,1.598917633656919e-09,-9.748149412171514,1.1492693510698689e-09,-9.63458487672952,1.6940318050072162e-09
2025-07-23,-9.643871318831941,5.785343487233821e-10,-9.513237042527763,1.1608540951142365e-09,-9.547830086983916,9.820919623246159e-10,-9.607010489722697,7.183960422816085e-10,-9.54783633103802,9.820614083538147e-10
2025-07-24,-9.886450639780398,1.7910879006262154e-09,-9.752207304184244,2.4656400421076756e-09,-9.865190373330622,1.885182013442432e-09,-10.043914921937388,1.2161470350594192e-09,-9.808824677213705,2.1569208261029927e-09
2025-07-25,-9.915479340287302,1.2577192015877581e-09,-9.748129559256146,1.986309276455276e-09,-9.844710420988132,1.531499490801007e-09,-9.988315037296909,1.020147190379549e-09,-9.812506089131194,1.6719677400630178e-09
2025-07-28,-9.899981339984484,1.4971625382254422e-09,-9.795388406956683,1.959635668984047e-09,-9.901867266267958,1.4897921678953285e-09,-10.082394135931434,9.142230031233457e-10,-9.87178476003454,1.6112284856644576e-09
2025-07-29,-9.731041119817423,4.764644145353303e-10,-9.60291609664411,9.513475364097502e-10,-9.671815678879957,6.714024178259176e-10,-9.76872066441299,3.718892432408103e-10,-9.666594407829178,6.905185879417265e-10
2025-07-30,-9.293124782350548,7.618258753779643e-12,-9.253682552908089,1.4635605041106325e-10,-9.274419801503807,6.618846840329582e-11,-9.287614060189561,2.3227010553631037e-11,-9.278997431307252,5.0502134417515806e-11
2025-07-31,-8.231122536103712,1.2955724042283434e-09,-8.356067404883778,8.837578004982229e-10,-8.298223115547458,1.0901922472342112e-09,-8.279516995166288,1.1506568439281203e-09,-8.252212984164455,1.2343155614682704e-09
2025-08-01,-8.966420914398284,8.613908022394849e-11,-8.97946464145995,1.0566675631737968e-11,-8.974104924933398,2.927948827053916e-11,-8.980532831450105,6.56219559454436e-12,-8.95660554586819,8.194047894829632e-11
2025-08-04,-9.094760330089198,2.294431336731612e-09,-9.256132442458119,8.245750150600534e-10,-9.179201910542375,1.4218720967043315e-09,-9.191454145945375,1.3150023786022573e-09,-9.308169231656196,5.124315922889438e-10
2025-08-05,-9.029518888974245,3.3937459668559595e-09,-9.179713333349223,1.596718288709792e-09,-9.216622699410507,1.2747158219851864e-09,-9.313489262090982,6.116553086187319e-10,-9.234181459185725,1.135720196988176e-09
2025-08-06,-9.159825994712788,2.4153614195582826e-09,-9.235890553630295,1.65914635086628e-09,-9.25781579744838,1.4732068474393193e-09,-9.306598204166342,1.1055927378810657e-09,-9.296516736478294,1.1765801410377523e-09
2025-08-07,-8.76176076067412,2.9412813310397394e-10,-8.780783958245658,1.0911029961795594e-10,-8.790422483963235,3.032523045534519e-11,-8.792683039072688,1.1660503153830904e-11,-8.792542941012496,1.4819623415200306e-11
2025-08-08,-9.501394514982065,2.094234411180013e-09,-9.457597513537545,2.421538356050452e-09,-9.509092740059879,2.04043547338302e-09,-9.589640103496016,1.5382708418870775e-09,-9.545390714675893,1.8008571577141243e-09
2025-08-11,-9.46205894250035,1.8067568674232989e-09,-9.411305213576886,2.1843078349978227e-09,-9.492606786397719,1.6037416748832416e-09,-9.620326294011852,9.239845381619893e-10,-9.49575653520344,1.5837806515552446e-09
2025-08-12,-9.271908769961218,2.370636916725912e-10,-9.180422387624237,7.749175816349197e-10,-9.222809375590021,4.952437907426613e-10,-9.265430366740985,2.6720252695187725e-10,-9.234166975185884,4.293808060297436e-10
2025-08-13,-9.623515468580068,1.9034648490884567e-09,-9.494024433014763,2.8035899777769738e-09,-9.651700958365602,1.7428026297694105e-09,-9.838168731237339,9.275501128693595e-10,-9.593507323231892,2.087374492448487e-09
2025-08-14,-9.762878971748982,1.432169737167134e-09,-9.550657322742708,2.671487761890074e-09,-9.709783880576117,1.685039335853589e-09,-9.918280364636892,8.59912307237734e-10,-9.658923129544803,1.9602389875532305e-09
2025-08-15,-9.856043578539353,8.169596300665862e-10,-9.564299616772805,2.2011265708249957e-09,-9.705941132584469,1.3993232413540767e-09,-9.87795878409814,7.50095014835472e-10,-9.675601799107497,1.5476760949898063e-09
2025-08-18,-10.189407085942346,1.0026312198671448e-09,-9.746717626846355,2.770153060283103e-09,-9.898127420658287,1.9714542918638047e-09,-10.036463338673178,1.4357985063961917e-09,-9.888585668602294,2.0145678935870877e-09
2025-08-19,-9.471135972121612,3.940803332603256e-11,-9.322096933984627,6.273885870304519e-10,-9.386364156537441,3.1531977695452013e-10,-9.425213137287558,1.6996624075621698e-10,-9.39181482052972,2.930116677408884e-10
2025-08-20,-9.104684540539218,4.816499276924534e-11,-9.091953398011675,1.468717825426758e-10,-9.111994678043681,4.751963465280896e-11,-9.11284109454584,4.3801668190618253e-11,-9.119529684662176,1.609385494439321e-11
2025-08-21,-9.712779857545334,6.969915544388469e-10,-9.591371376594948,1.2117348523146706e-09,-9.650426645600888,9.378759440133076e-10,-9.602250143648195,1.1576600819125672e-09,-9.710940905575532,7.034477781078906e-10
2025-08-22,-8.445867372594343,3.9861597807728287e-10,-8.39467494893078,6.726990388613069e-10,-8.360010114589041,8.290832315076104e-10,-8.438539382615659,4.4199402192346904e-10,-8.264741963515368,1.1835715000845117e-09
2025-08-25,-9.483711398946282,3.673323478541062e-09,-9.59241990342768,2.778565271192548e-09,-9.852353806924906,1.362113825439944e-09,-9.882040774377742,1.2490189503308764e-09,-9.725062333923837,1.9491780305784782e-09
2025-08-26,-9.479502159280523,2.2805978613931394e-09,-9.515479369660104,2.0225834217115366e-09,-9.709854531389224,9.852097767157176e-10,-9.668623507651615,1.161629362857801e-09,-9.635467073838152,1.3190256824858075e-09
2025-08-27,-9.693232995303795,2.125071359348774e-09,-9.647190667523459,2.4045043661563675e-09,-9.873750307707567,1.2793587232346758e-09,-9.854938113114505,1.351501766256303e-09,-9.791009319623265,1.6225021624262269e-09
2025-08-28,-9.683866900342633,9.039987665662734e-10,-9.552515081387767,1.545871911450547e-09,-9.730279464313803,7.300287751117082e-10,-9.720340919754346,7.652417517385385e-10,-9.678145877071756,9.271757324482121e-10
2025-08-29,-9.673164784142509,3.6084660561131007e-10,-9.494735003116993,1.090700999445533e-09,-9.644281781228814,4.4974082124093953e-10,-9.651213563203193,4.2748823741160417e-10,-9.607549880711076,5.777922815778462e-10
2025-09-02,-9.454243597916594,1.0864938182582942e-10,-9.335500095604429,5.973099025546694e-10,-9.416937869279879,2.303990042480889e-10,-9.38617631740907,3.523302363281487e-10,-9.415632745541394,2.351746715596646e-10
2025-09-03,-9.75019407635379,1.012095897912063e-09,-9.613643382478923,1.6550007992111516e-09,-9.705480690669118,1.1972174625865814e-09,-9.5850471488676,1.8216053064087086e-09,-9.755749077969341,9.906485356692527e-10
2025-09-04,-9.363185187455013,4.638005640769763e-10,-9.33533524722904,6.061498864633343e-10,-9.397085264836283,3.133483090579504e-10,-9.350942106970164,5.242421656107201e-10,-9.417478549023576,2.3444388430987996e-10
2025-09-05,-8.555089779044458,2.7923623355426767e-10,-8.56926422425622,2.0176631056564608e-10,-8.485009713670609,5.878557949529995e-10,-8.492057471680829,5.60794224924245e-10,-8.493049527542997,5.569282367088388e-10
2025-09-08,-9.872655447781653,1.5593758308205527e-09,-9.758937816603286,2.092953322556354e-09,-9.919860682054418,1.3755436103548985e-09,-9.839318674579355,1.7017505668077329e-09,-9.936645247775408,1.3148636752265305e-09
2025-09-09,-9.711022768419067,1.3296181755426425e-09,-9.684734368071172,1.454012898725976e-09,-9.817752499460441,9.049145769470683e-10,-9.757103493344797,1.131275121073842e-09,-9.845077082667443,8.145879244488196e-10
2025-09-10,-9.776515303083439,8.104844159662609e-10,-9.681342175862731,1.1868780579156376e-09,-9.801166060184823,7.286369729324128e-10,-9.750813662391705,9.023178907300408e-10,-9.839565007823794,6.125151637213026e-10
2025-09-11,-9.679680419491516,3.750395743231989e-10,-9.580609736293331,7.247773620329561e-10,-9.673454372938735,3.934331939031411e-10,-9.644871908558274,4.837654747632109e-10,-9.709716175883443,2.9247662195733147e-10
2025-09-12,-9.97432884026642,1.4624208804591737e-09,-9.866712976202217,1.8972367290265954e-09,-10.084946884696363,1.1113061973621948e-09,-10.133269370276084,9.831778805155186e-10,-10.07778977020474,1.131495024272638e-09
2025-09-15,-10.100446885880668,1.3106415156166095e-09,-9.945535567234126,1.8571300751629684e-09,-10.159384430469704,1.145663188998652e-09,-10.173579248114812,1.1089411203153927e-09,-10.179666667240324,1.0935320013299125e-09
2025-09-16,-9.99155936035677,1.188350277561284e-09,-9.886750747176867,1.5663964779356636e-09,-10.101429665134644,8.79243061823629e-10,-10.168950087997667,7.254405962029846e-10,-10.106365491216858,8.67143173513139e-10
2025-09-17,-8.951428616136687,1.139602829069442e-10,-8.988023053997823,7.086256348495047e-12,-8.943138046809672,1.3395955864222842e-10,-8.93709678384029,1.479198650908555e-10,-8.928735563572292,1.6649088193981583e-10
2025-09-18,-9.791390422031299,2.3098941579458205e-10,-9.667783429929589,5.725142287267773e-10,-9.780898987889406,2.5398432487120484e-10,-9.760922183072896,3.006514865311508e-10,-9.814382852636829,1.8412284125051445e-10
2025-09-19,-9.817115410726933,5.108648389632638e-10,-9.753064071573444,7.051186425032069e-10,-9.892388197376622,3.2915358021968983e-10,-9.901060443061452,3.111136364456671e-10,-9.927996536370133,2.585989245501512e-10
2025-09-22,-9.57191354053013,4.1204795486024833e-10,-9.598163788709503,3.2561060388682865e-10,-9.68534388004165,1.0382045439203495e-10,-9.694430615362768,8.619963767367511e-11,-9.711701382257178,5.555422092837944e-11
2025-09-23,-9.459566013405494,5.844428176808706e-10,-9.54989670291787,2.4347412773905775e-10,-9.627024981029566,5.2808758549403854e-11,-9.64541559848359,2.0912813091094464e-11,-9.643481776621755,2.398697326013906e-11
2025-09-24,-9.532145224830911,7.520261167293079e-10,-9.632505502733405,3.7249522919987663e-10,-9.710331184798548,1.6771813650479291e-10,-9.707577261418134,1.7376802751503343e-10,-9.760529180656752,7.204559854345145e-11
2025-09-25,-9.43720524162849,1.109817231081867e-09,-9.62271371031219,3.0816803692061104e-10,-9.683647470787806,1.512730147486166e-10,-9.647123228042679,2.3979931657176744e-10,-9.741216667464784,4.4049396691371495e-11
2025-09-26,-9.484699422629605,1.5930746236738454e-09,-9.734582127326213,4.665969761230027e-10,-9.790826054435003,3.174959702834213e-10,-9.692872907943931,5.982012760896823e-10,-9.897862223338134,1.1197934380074617e-10
2025-09-29,-9.492623658793782,3.080593327367487e-09,-9.91449135901423,8.40788951075898e-10,-10.018477215547096,5.709813580885655e-10,-9.940782286311896,7.652209344635243e-10,-10.153753465950574,3.198474146809115e-10
2025-09-30,-9.371829760635775,1.5615063214645035e-09,-9.63800316966377,2.7769984863350475e-10,-9.695065796493452,1.3767740012706327e-10,-9.662785621882051,2.1205117576536132e-10,-9.756689672243056,2.9782920312635774e-11
2025-10-01,-9.172432265837065,8.338188084426019e-10,-9.331029811174066,1.908241167785549e-11,-9.338431730303373,5.862089453676565e-13,-9.33855591375087,3.5368890220281454e-13,-9.307155118621562,4.80720768748496e-11
2025-10-02,-9.511092141808547,2.468572893864213e-09,-9.911752735475595,5.918349892697e-10,-10.013302239678223,3.663149274055935e-10,-10.009893726108526,3.727861280500456e-10,-10.143531268245834,1.6720880913572657e-10
2025-10-03,-9.488391796676558,1.6257724300601215e-09,-9.797853270345058,3.313528349456066e-10,-9.86916919971019,1.826849728919976e-10,-9.864831041291755,1.90522022394919e-10,-9.96591696702307,4.499457561646229e-11
2025-10-06,-9.760465546193924,1.780410863415755e-09,-10.085784257935382,6.689457002262816e-10,-10.187517939794509,4.705999053747223e-10,-10.159640809097574,5.197721820149421e-10,-10.39420870751015,2.0353471393369011e-10
2025-10-07,-9.367702665943156,1.2159656305470744e-09,-9.63242078414152,1.017484670124217e-10,-9.669061196473379,3.25096451206262e-11,-9.670368357401667,3.04119557986783e-11,-9.689589924319739,2.5946588774925488e-12
2025-10-08,-9.625860287903604,1.7363805683780806e-09,-9.979600908750035,4.43156867138051e-10,-10.047154761323121,3.142533967519892e-10,-9.99598797144913,4.093070458462188e-10,-10.228867873507902,8.569124869335491e-11
2025-10-09,-9.354071658028559,2.3205296005135236e-09,-9.771580806013516,2.3984099385340215e-10,-9.837925747006413,1.123888489496601e-10,-9.839725514693356,1.0948071080874509e-10,-9.915304499748647,1.3010218915867682e-11
2025-10-10,-3.7226074198914354,9.253766634682754e-08,0.828707667551086,1.105765802736188e-07,2.2538668473061385,1.1325786376237226e-07,1.3772101580262266,1.1169257424976374e-07,6.796468292617913,1.1867626773391076e-07
2025-10-13,-8.948412831731902,6.368902782043914e-09,-9.16555483776508,2.8442589008351885e-09,-8.955076904210262,6.227580015806988e-09,-9.235550757810108,2.09492922808998e-09,-9.27599759674968,1.7286778307782853e-09
2025-10-14,-7.914205437493477,3.3606946673894407e-10,-7.817588109837405,2.1719179351033795e-09,-7.872998692309649,1.2430616221005305e-09,-7.426506925209315,5.853907820536777e-09,-7.72428719525162,3.3713086650327913e-09
2025-10-15,-8.16037509037512,1.487303030277194e-10,-8.136044497732023,5.104413304120729e-10,-8.161967668695707,1.2138250916380791e-10,-7.947976337903303,2.202792420638461e-09,-8.080640123878545,1.1422420843344654e-09
2025-10-16,-8.069850501735731,6.996393927227891e-10,-8.044552268443919,1.0317537537367262e-09,-8.085693948914964,4.634442512786035e-10,-7.767348789555967,3.2660434759922845e-09,-7.96558721082353,1.858573656888118e-09
2025-10-17,-8.838117293195022,1.0107746911105444e-09,-8.850742920142354,8.558582149416738e-10,-8.786514123377037,1.7510887085370588e-09,-8.919183407380908,1.8884155980396451e-10,-8.900640985815775,3.405757969461299e-10
2025-10-20,-9.214044755114447,3.3257035237206954e-09,-9.239229953771517,3.0347606759016188e-09,-9.137478497601009,4.339949872739632e-09,-9.436172669637218,1.3458781311685895e-09,-9.349228528674374,1.9758436163400534e-09
2025-10-21,-9.34758369305578,5.233204017750855e-09,-9.378790391782575,4.851142542487965e-09,-9.324925100642531,5.527526187190047e-09,-9.79047677750382,1.6739384526069317e-09,-9.510344148121238,3.501881104788756e-09
2025-10-22,-8.697918360652988,2.24965836184607e-11,-8.686554071058792,1.331687752935163e-10,-8.67385273721746,2.778200957808359e-10,-8.667394935691343,1.7993396635793245e-10,-8.700446534957296,1.4310376336906614e-12
2025-10-23,-9.392851178527762,1.693505089457437e-09,-9.2834832383095,2.6343497772043222e-09,-9.217546442890175,3.356043192560014e-09,-9.471524215065866,1.180304570236641e-09,-9.393582767053076,1.6881538651438837e-09
2025-10-24,-9.597091727001,3.03407445927666e-09,-9.49155158288609,3.9288876450756835e-09,-9.428825536587125,4.568069881783447e-09,-9.799143234127527,1.8119677971351359e-09,-9.635203570738774,2.7591370028458656e-09
2025-10-27,-9.554631085673996,2.717573074974417e-09,-9.449070986215226,3.6126145523835137e-09,-9.430754342400775,3.791400673489307e-09,-9.847951800177672,1.1418934691905231e-09,-9.584309260517244,2.50317489486398e-09
2025-10-28,-9.381785614939462,3.3141603295712376e-09,-9.345378815261048,3.6903782326369802e-09,-9.414489624759435,3.00356580248798e-09,-9.892445823820752,5.063261364948368e-10,-9.46400886325546,2.5785078474449013e-09
2025-10-29,-9.132832102526619,5.393854520944461e-10,-9.057021018723125,1.1714958662378878e-09,-9.094033625409985,8.3604838574829e-10,-9.237585031153635,4.947841818868029e-12,-9.125369552290563,5.922341419147801e-10
2025-10-30,-9.336881790749942,3.9334167454597956e-10,-9.185768348685215,1.4011387323533496e-09,-9.22345081140606,1.0913289655020451e-09,-9.443551408516916,1.808456579887604e-11,-9.270563208107676,7.610583547288497e-10
2025-10-31,-9.31110079578559,9.186313274826241e-10,-9.185499312493222,1.9361346994253467e-09,-9.174226481341,2.050025722314808e-09,-9.41850450676352,3.56501074926596e-10,-9.274440854533994,1.1713442206912105e-09
2025-11-03,-9.32686006736402,7.991433927518112e-10,-9.211488605547393,1.66154227390729e-09,-9.200182410091543,1.7659589633599999e-09,-9.439046965586503,2.613506708947952e-10,-9.300934321011976,9.6300501311568e-10
2025-11-04,-9.441637436529778,7.757706071507152e-10,-9.300827225839415,1.70230058266062e-09,-9.284672596059952,1.8380748116114365e-09,-9.54486386394307,3.3936321813255434e-10,-9.401752948582239,9.953500732014526e-10
2025-11-05,-9.137709692964357,5.97632258071392e-10,-9.068133801986722,1.1792207245927788e-09,-9.01355452046806,1.7670571329490487e-09,-9.165265124884012,4.1479149141191825e-10,-9.136089719831261,6.09191837550281e-10
2025-11-06,-8.724871214235911,8.23444406835107e-12,-8.720325322261557,4.6403129491352754e-11,-8.705118025882191,1.974598926432504e-10,-8.716766977129957,5.496492667586483e-11,-8.72477325662157,7.908251457481009e-12
2025-11-07,-8.42763958835883,1.6049379692381185e-10,-8.43636047462346,7.922016084462045e-11,-8.443020821954697,9.773090294106722e-12,-8.426558360340973,1.7000710107299558e-10,-8.405140936354725,3.411737362439641e-10
2025-11-10,-9.007218805745387,7.813606833802246e-10,-9.015320011214754,7.079268013998541e-10,-8.941833792511447,1.4854748294339287e-09,-9.0287415836776,5.926816204762011e-10,-9.069441834395604,2.912682159931722e-10
2025-11-11,-9.247399584756455,3.313821307285866e-09,-9.23352430421927,3.476107933432205e-09,-9.254544807594385,3.232532046293997e-09,-9.515883701525429,1.1318762064177253e-09,-9.331185209677367,2.451449539920436e-09
2025-11-12,-9.442295011578462,2.827372610672501e-09,-9.351324104144753,3.7045089179622958e-09,-9.369037165401792,3.5181820461982152e-09,-9.660055863479936,1.3850815261378707e-09,-9.463292347112912,2.6512259512428117e-09
2025-11-13,-8.255517440038728,9.675641524529572e-10,-8.358657117316021,2.259537132862131e-10,-8.35601749259353,2.5110338785470987e-10,-8.19671621968311,1.2730686654347427e-09,-8.314080925650135,5.93769641022501e-10
2025-11-14,-7.920668729336605,1.467227631932257e-09,-7.907476370829517,1.6535757324721397e-09,-7.956858159251299,8.914660149879904e-10,-7.818954126850686,2.6980262056414682e-09,-7.838879410595868,2.4878704497193237e-09
2025-11-17,-8.096207802935751,6.532128782232262e-10,-8.080269957057025,8.581129193603071e-10,-8.11792069706579,3.3616438947293025e-10,-8.035015086816813,1.3584493560894524e-09,-8.023079099091374,1.4754922321956079e-09
2025-11-18,-8.54228311040335,1.4959652333252916e-10,-8.547863038669494,7.558169791464836e-11,-8.517671846961626,5.397526557534904e-10,-8.541213025840586,1.6449173987865376e-10,-8.554291472720887,1.0927975584128569e-13
2025-11-19,-8.648910687509494,7.748143068851358e-10,-8.6775996337454,3.6800024205892317e-10,-8.61666949353607,1.3299242441789392e-09,-8.621817558256538,1.234360090936227e-09,-8.700617042648936,1.050511429454168e-10
2025-11-20,-4.303331122981026,1.3460191564864064e-07,-3.462451379246498,1.463694340444257e-07,-4.326158359474988,1.3421393484364986e-07,-4.214709961974945,1.3606706447122626e-07,-2.7932761918390625,1.5323639334506664e-07
2025-11-21,-7.648996633132554,3.1180696370323016e-09,-7.546558288147552,4.893187871246e-09,-7.6989516142643355,1.9978829499899103e-09,-7.709746078822122,1.720318853426721e-09,-7.449804107371637,6.19366396388177e-09
2025-11-24,-8.550416611516628,3.549677286887323e-09,-8.677071569206433,8.448094773085562e-10,-8.599664556834435,2.308840828456734e-09,-8.618493603512519,1.8999691978842463e-09,-8.70784748174225,4.1808821419077764e-10
2025-11-25,-8.10507346107505,1.6800622998554345e-10,-8.099103919508543,2.379431219550879e-10,-8.107192831560095,8.303355456880493e-11,-8.07598092644266,6.116068044494844e-10,-8.078795800325523,5.698348095963204e-10
2025-11-26,-8.882590269879648,9.66600613101464e-09,-9.05996559202225,5.673039264712348e-09,-9.044777082160318,5.950779976352216e-09,-9.23305239017767,3.1655354307039587e-09,-9.13183070344724,4.494407385155872e-09
2025-11-28,-9.054826456106277,1.0192810792412502e-08,-9.208314586887965,7.10365230357527e-09,-9.209021425125705,7.091677083381758e-09,-9.475189010847055,3.6834290939885254e-09,-9.292672930222203,5.797760976142012e-09
2025-12-01,-9.116051444026574,6.510174731858973e-09,-9.172854732426662,5.5558332946133106e-09,-9.181069038655323,5.4281481351275994e-09,-9.449687219157376,2.3928042213805053e-09,-9.252103555012114,4.4226655555843114e-09
2025-12-02,-9.245649386835185,4.041477138276439e-09,-9.188290481188057,4.815201756499531e-09,-9.17995461525796,4.937019255768056e-09,-9.36176299865212,2.777991413643998e-09,-9.267567660508675,3.773729380085187e-09
2025-12-03,-9.285420706086052,2.1997978126619174e-09,-9.164560551995617,3.532878944799324e-09,-9.151464936615815,3.705855812708499e-09,-9.308156885231147,1.9962729211882606e-09,-9.239524594849577,2.6536606010343897e-09
2025-12-04,-9.490257899296003,2.4137974428296466e-09,-9.310680528631796,4.132349220554679e-09,-9.294992611715614,4.3210537660998795e-09,-9.485707792875118,2.4486103189546394e-09,-9.400688664171593,3.1770549576663536e-09
2025-12-05,-9.60167843970028,1.953755572350875e-09,-9.37595326934273,3.797585849166117e-09,-9.352397851551338,4.0538626535107865e-09,-9.527562792553557,2.4516643566388564e-09,-9.472855158295149,2.8818301842498556e-09
2025-12-08,-9.466433798782978,1.1299104136690651e-09,-9.293550263264583,2.426766156362525e-09,-9.268965369955218,2.669592665343737e-09,-9.409616111363302,1.4848190271228508e-09,-9.378984256988524,1.7032574168498303e-09
2025-12-09,-9.68310038537224,2.490138122459114e-09,-9.533052650353914,3.6054153568251445e-09,-9.489031392895553,4.009182542421333e-09,-9.597333215450794,3.081894800203884e-09,-9.65042547691738,2.7023428083282646e-09
2025-12-10,-8.990482311449046,8.631901689961004e-11,-8.957828780089212,3.12555391057364e-10,-8.940482991215411,4.5755653488018924e-10,-8.961438003372653,2.844858435233759e-10,-8.989728338897477,9.079697777447017e-11
2025-12-11,-9.094624579744515,3.654019833210264e-10,-9.067862132536325,5.571110246024631e-10,-9.058059523421074,6.345580184377333e-10,-9.103637030570544,3.072908691271913e-10,-9.115464848258455,2.3596708683918414e-10
2025-12-12,-8.498506201722817,2.3830918912049384e-10,-8.506876648146202,1.8161441684728423e-10,-8.51303400598703,1.3719262280936919e-10,-8.477763876315022,3.6522917449475124e-10,-8.457362303800501,4.762704608562879e-10
2025-12-15,-9.1394741119368,1.0090291028670462e-09,-9.147839722876158,9.404300779880442e-10,-9.096081209167718,1.4038584779848757e-09,-9.116778573099001,1.2072053889337836e-09,-9.21109359817597,4.948802820406953e-10
2025-12-16,-9.17840432014396,1.3997675605816055e-09,-9.230876626477704,9.760835013835906e-10,-9.170737413321428,1.4687297483123622e-09,-9.16080552068839,1.5608772714585723e-09,-9.30344080472582,5.169507721224129e-10
2025-12-17,-8.604068134725164,4.298457760901573e-12,-8.592406053197083,9.009572793036789e-11,-8.604082032239871,3.847485860987101e-12,-8.602809264956544,1.685374082500005e-11,-8.550173856139585,3.274911103454482e-10
2025-12-18,-9.149735207344403,2.229216334925118e-09,-9.250774262876249,1.2856480472837149e-09,-9.140384497640648,2.3331041493401764e-09,-9.039423883467366,3.664134825727095e-09,-9.331082355249134,7.391099445290655e-10
2025-12-19,-9.227083204665488,3.9742951615754475e-09,-9.410901556323308,2.1132244017559142e-09,-9.309356379525585,3.0303828511034615e-09,-9.237340206818146,3.8455013600271454e-09,-9.517696168083194,1.38712103436609e-09
2025-12-22,-9.21382688970265,3.891390646352776e-09,-9.409469058351005,1.934958423264911e-09,-9.330466257817738,2.6045043880604035e-09,-9.29436490312303,2.9615167168756542e-09,-9.515861047254765,1.2392007578515145e-09
2025-12-23,-9.268199819477688,4.127407091588866e-09,-9.473423496904115,2.1424627217337753e-09,-9.41203630171816,2.632189753503247e-09,-9.41234438135104,2.629533331147282e-09,-9.590662391281707,1.4015568240044547e-09
2025-12-24,-9.472239159554219,3.926285632200115e-09,-9.62333131344913,2.683101332507735e-09,-9.563370596395355,3.126671722195729e-09,-9.590207241222734,2.920701657752167e-09,-9.766768111355967,1.8383942761847363e-09
2025-12-26,-9.65577596382612,3.052717278866696e-09,-9.704372340314551,2.7252709576614663e-09,-9.645199459947337,3.1286496072123104e-09,-9.68928901830588,2.823247731297988e-09,-9.863451297451057,1.86600797487966e-09
2025-12-29,-9.822145931445252,1.4939626351786592e-09,-9.691677702368965,2.144217352233344e-09,-9.629504215192155,2.5310008949462593e-09,-9.641576497055365,2.451496317844833e-09,-9.848872059835651,1.383801639492591e-09
2025-12-30,-10.042739231172146,1.3991436185443187e-09,-9.805817001177196,2.4069383022414802e-09,-9.722974881197343,2.89762919644723e-09,-9.656662751447953,3.357194705032319e-09,-9.988260640111106,1.5878101985368796e-09
2025-12-31,-9.51146612138516,2.409300095553403e-10,-9.414947312928238,6.323454879049857e-10,-9.364187005041387,9.093713467178131e-10,-9.294038717091697,1.3858798981812012e-09,-9.508620697094385,2.5014493371146373e-10
2026-01-02,-9.162393609371525,1.804051972491048e-11,-9.131498030934173,1.5610562748041358e-10,-9.091743529945083,3.941852326459263e-10,-9.01030387627608,1.0818451246261593e-09,-9.16484621251586,9.358294738523677e-12
2026-01-05,-9.737365198179102,1.9663588186010485e-09,-9.784740175752567,1.7290243289943328e-09,-9.665484863036477,2.380059474088644e-09,-9.483812061725436,3.783942500893424e-09,-9.967535060538138,1.0262196581389174e-09
2026-01-06,-9.409250416775182,2.369659268916299e-09,-9.606080564312025,1.1099188785216579e-09,-9.542140885169164,1.446225836764176e-09,-9.434930026532644,2.1644372366945967e-09,-9.747404744289579,5.599523569942958e-10
2026-01-07,-9.413543738973047,2.196438550014663e-09,-9.597172332949206,1.0509591950838896e-09,-9.558287288163383,1.2461001542753584e-09,-9.491889056643322,1.6347110625591152e-09,-9.737236773389526,5.137401366585449e-10
2026-01-08,-9.624583966887185,2.5707371803516382e-09,-9.804845259047216,1.5744537763300835e-09,-9.743055162237678,1.869913503643995e-09,-9.594780368127994,2.7792920224011297e-09,-9.997765596758315,8.893514644907248e-10
2026-01-09,-9.271187589791001,8.580382781506712e-10,-9.380307127416492,2.796051020804717e-10,-9.348635771292686,4.1895354147353436e-10,-9.253159576471155,9.818478592781683e-10,-9.451900311129158,4.556857096817986e-11
2026-01-12,-9.389637341059853,1.1383206119217423e-09,-9.506570357170158,5.337923852505753e-10,-9.49039526338975,6.0283006031794e-10,-9.414190059374917,9.899453483737381e-10,-9.617054372452289,1.6971639791349793e-10
2026-01-13,-9.548110050328456,1.1952884966857622e-09,-9.654626024844903,7.146800449643111e-10,-9.632013346102646,8.037616883393661e-10,-9.539488026041603,1.2414558978811402e-09,-9.803018119370126,2.73767442642786e-10
2026-01-14,-9.442834908290342,5.089471604689762e-10,-9.494290460074259,3.045871758193547e-10,-9.473773104663568,3.8048288599530853e-10,-9.372271846272424,8.700538498172871e-10,-9.58590210775992,5.109853656299294e-11
2026-01-15,-9.559115503001088,1.7959224679690563e-09,-9.766756773036333,8.133195354274402e-10,-9.71443634204018,1.0102832479911982e-09,-9.504384306419812,2.1597956671828167e-09,-9.948376774720685,3.2769511777494106e-10
2026-01-16,-9.467681327148139,2.494693062488804e-09,-9.796203681436666,7.511907515026327e-10,-9.746344782016992,9.261275561422429e-10,-9.547334422276878,1.923893312875725e-09,-9.985122728923825,2.848226377677656e-10
2026-01-20,-8.845964841313478,7.897632190643683e-11,-8.80766080982472,1.8443032319827968e-10,-8.831339059638507,1.0765440967073416e-10,-8.853700903402386,2.43610349673351e-11,-8.617349021093146,5.871520843418113e-10
2026-01-21,-8.350404508416684,1.3248575993142674e-13,-8.291778098318083,5.786773750038303e-10,-8.349136095498645,1.8056724198893726e-11,-8.350282160238471,2.024229462072589e-12,-8.195962181244452,1.2014992110147467e-09
2026-01-22,-9.131991017852068,6.432601646216292e-09,-9.406332940572273,2.8976191116745425e-09,-9.276319802834992,4.286017962766944e-09,-9.304941336589309,3.94142688912089e-09,-9.539202870238238,1.876001417920359e-09
2026-01-23,-9.226537946236455,5.7350996914966405e-09,-9.468190264699222,2.9547565067132696e-09,-9.347252155725254,4.150955615004389e-09,-9.405113068669746,3.535864865443052e-09,-9.610395468278954,1.9286703186454027e-09
2026-01-26,-9.379590885831611,3.1774139872472172e-09,-9.47322363357566,2.3657798847463396e-09,-9.352753577240696,3.4471308676221802e-09,-9.387372060655677,3.102496883758905e-09,-9.613367107665951,1.4627492734147114e-09
2026-01-27,-9.59567481511714,2.978597347241672e-09,-9.607840354725031,2.888938579853109e-09,-9.487740359455774,3.890231357943421e-09,-9.557160399309886,3.2790836860890767e-09,-9.773914097851083,1.8823780661902197e-09
2026-01-28,-9.647701682120353,1.6472131455315115e-09,-9.557763517490041,2.191629171415251e-09,-9.454929639934074,2.982738671134255e-09,-9.535941413407583,2.3432377116659527e-09,-9.711577089034389,1.329768164942541e-09
2026-01-29,-7.409206628673973,4.963269410014082e-09,-7.759005116470711,3.3313549437371228e-09,-7.8804895439907225,2.485800717036765e-09,-7.825736807026841,2.894854041162685e-09,-7.495302788139657,4.634123681856833e-09
2026-01-30,-9.175219879657158,7.867234516686612e-12,-9.12860376117982,2.2176473005656152e-10,-9.081758902073773,5.269957352398342e-10,-9.081050935678048,5.322682888663859e-10,-9.171637349632658,2.034073777941796e-11
2026-02-02,-9.057249879169285,5.6238321973145864e-11,-9.053579967450666,7.490052409906341e-11,-9.01833673409403,2.9212938834114163e-10,-8.99368326746104,4.810681635453248e-10,-9.068933257194962,3.1163963754963603e-12
2026-02-03,-7.602017980124005,4.499029991438888e-09,-7.372958547527261,5.8537324612765e-09,-7.55340817850945,4.828097337387668e-09,-7.602056287897012,4.4987596249603526e-09,-6.937480057959918,7.564419093117593e-09
2026-02-04,-8.535365701564361,5.1282418673405335e-11,-8.483785127085333,3.8793261275798e-10,-8.529844678640789,9.551514441648576e-11,-8.54085177505399,2.2625878767999506e-12,-8.361395728510198,9.113228939995027e-10
2026-02-05,-8.861086907198422,5.53558683684788e-10,-8.92823433950705,6.156335633437528e-12,-8.90269387619799,1.756023961526286e-10,-8.842631486658036,7.571373811002149e-10,-8.912151486497768,6.466918811012689e-11
2026-02-06,-8.18689156115133,2.928127290494715e-10,-8.028705539676416,1.7631596915416506e-09,-8.159564494707595,6.338144515605681e-10,-8.20381742252241,3.0602838623127447e-11,-7.850655147665633,2.7557205373073546e-09
2026-02-09,-8.821373563351324,2.573519964716463e-09,-8.918831709547023,1.1580973540095503e-09,-8.945970640665548,8.578498168198688e-10,-8.92410092617771,1.096795816136291e-09,-8.977039201555609,5.601698969691922e-10
2026-02-10,-9.186542610056382,4.183312630743914e-09,-9.271587300858071,3.1435648528476095e-09,-9.324747271459263,2.6021157607313516e-09,-9.3084563573905,2.7599525743078423e-09,-9.38185787971233,2.1008375236373725e-09
2026-02-11,-8.888084729707002,4.977965543999342e-10,-8.885415043917883,5.240848839325699e-10,-8.902383037975694,3.644416112229637e-10,-8.873262145610145,6.492577359027603e-10,-8.927296153969115,1.6276537398939555e-10
2026-02-12,-6.8252729462758275,1.2650899862034574e-08,-7.05251643604128,1.0875394732687218e-08,-6.979197148534007,1.1500348893329017e-08,-7.168609681064379,9.755075836488543e-09,-6.761137355503026,1.307710898951426e-08
2026-02-13,-8.681431907050815,5.248056710383232e-10,-8.69523837613543,3.4661007193843206e-10,-8.67099696715522,6.719118381240628e-10,-8.630741257464464,1.337421113980351e-09,-8.72026850092442,7.533520604005506e-11
2026-02-17,-8.616643953226173,2.086898120401426e-10,-8.628008998387523,7.362048001403647e-11,-8.612608019905812,2.612515287142754e-10,-8.578526955088758,7.869650679368539e-10,-8.63512101205535,1.565583067797437e-12
2026-02-18,-9.032326849400038,2.6827254407958952e-09,-9.128370222254283,1.5640456823827415e-09,-9.0674102972975,2.2321208048761703e-09,-8.975663877025616,3.5247731064033732e-09,-9.207648390322667,8.873403674478817e-10
2026-02-19,-9.160494228399294,4.951731637550647e-09,-9.354059446999145,2.6379796882307865e-09,-9.284007913902947,3.346813805990664e-09,-9.192916418096152,4.48119267379824e-09,-9.46776389853201,1.734799348841005e-09
2026-02-20,-8.750319364189664,9.636523283534467e-10,-8.82307725099439,1.3592232482842813e-10,-8.800380997451843,3.4925546145664395e-10,-8.742425654216348,1.0780951958073463e-09,-8.840819866412897,3.8924998741853694e-12
2026-02-23,-8.539512034199683,1.212167840458667e-10,-8.544218876339434,4.571122476601799e-11,-8.548714313249425,6.239324745560494e-12,-8.545573311285226,4.325120431360034e-11,-8.5117954176821,2.6989142191425093e-10
2026-02-24,-8.743221424523536,9.438023508868457e-10,-8.806846720085755,1.9563327861860265e-10,-8.776045899148784,5.177407062513517e-10,-8.706910003712371,1.5139488965692279e-09,-8.828703319388238,1.8987311762248465e-11
2026-02-25,-9.233802164176998,6.055217733096063e-09,-9.46441879741752,3.3087713645612846e-09,-9.391822825511378,4.022551539511972e-09,-9.270754590454535,5.512640355633502e-09,-9.594579115744702,2.2970293159469773e-09
2026-02-26,-8.656620697390538,5.793265847436266e-10,-8.700936081239313,4.6887258308298305e-11,-8.6973696630073,8.069573996562091e-11,-8.686593535472632,1.939232124717392e-10,-8.705364788299399,7.350459091116335e-12
2026-02-27,-9.216696156213787,2.9333736563825327e-09,-9.305636452832667,2.0448941964305267e-09,-9.266222577715663,2.411013247535994e-09,-9.154005673833277,3.7060657372490643e-09,-9.407788554400982,1.2735069942235173e-09
2026-03-02,-8.333714656884522,2.1522068718147825e-10,-8.302114650273236,5.059786751600525e-10,-8.325346648845077,2.990301936627828e-10,-8.351895552498101,1.0552600976203845e-12,-8.227714500216639,1.0252255916170074e-09
2026-03-03,-7.687257270327407,3.779432885582439e-09,-7.536226657203203,5.080738443411125e-09,-7.628565186983604,4.332002608666339e-09,-7.820186868521995,2.180729018529695e-09,-7.3046074184073975,6.531683660127886e-09
2026-03-04,-8.926815138906553,9.790489791545768e-10,-8.988983458311816,3.9022412606813553e-10,-8.9421127083937,8.158544529992642e-10,-8.788664141022455,3.0542289762734605e-09,-9.030911542851703,1.0424802694666065e-10
2026-03-05,-8.476213044239799,3.390469123955587e-12,-8.454126006420069,2.005181613115707e-10,-8.470022868744378,6.552433823891789e-11,-8.465183759191948,1.633714805258238e-10,-8.398676010032199,5.621366550132769e-10
2026-03-06,-9.040584930891836,2.1850262359341584e-09,-9.175731335810951,8.52373306050888e-10,-9.117079456569494,1.3497830128937282e-09,-8.911774282359913,4.1712090137151205e-09,-9.248493805397919,3.854851962504081e-10
2026-03-09,-6.474060578570863,2.600106648073305e-08,-6.011625180903139,3.139019498419362e-08,-6.4415143736452425,2.646165979907314e-08,-6.959858365201048,1.639182556142434e-08,-5.5876054297742215,3.4856026717584223e-08
2026-03-10,-8.67977835728751,9.246666935695967e-10,-8.74138898420425,1.3977673400995165e-10,-8.711655431120583,4.740797132907063e-10,-8.606608083367083,2.3118413981717424e-09,-8.756876676272395,5.492954886005687e-12
2026-03-11,-8.938634044227555,2.6191306274362107e-09,-9.08212448059188,9.274094482588477e-10,-9.011460876189233,1.6470803440693724e-09,-8.812060595194659,4.986573223495692e-09,-9.146213534710217,4.408189944230719e-10
2026-03-12,-9.07048418722359,3.164199717182309e-09,-9.24512113974732,1.2969192603333723e-09,-9.154450120422776,2.13757010184655e-09,-8.896122467146249,6.290023433978473e-09,-9.332290307517225,7.04944633131283e-10
2026-03-13,-8.23151368822396,2.1416143167954405e-11,-8.190290055580189,5.625300994431799e-10,-8.231660572265433,1.885885745162777e-11,-8.190797473213754,1.2086905106981538e-09,-8.134138103400124,1.0965257670745419e-09
2026-03-16,-9.058303792571923,5.593870672289333e-09,-9.263142030671498,2.754314680753914e-09,-9.075599625494158,5.2916050201556885e-09,-8.73235874947437,1.449760266203278e-08,-9.36108336560607,1.8614393812091994e-09
2026-03-17,-9.040382548059156,6.546837793442931e-09,-9.26611836869317,3.174314518803949e-09,-9.132893695661439,4.930097760680336e-09,-8.845862438478568,1.139330456919716e-08,-9.364972866042171,2.2157151440096978e-09
2026-03-18,-8.64709692396284,1.1136672962512178e-09,-8.718838987780511,1.3073922099838975e-10,-8.678832765044557,6.168432913184108e-10,-8.53988859666282,3.525860106249468e-09,-8.732864824611562,4.867459497629241e-12
2026-03-19,-8.70749500360851,2.363649164195129e-09,-8.804592822456888,8.084199293689026e-10,-8.70329390930112,2.44715213595294e-09,-8.497970453359958,8.550215315119715e-09,-8.843705635308208,3.7233003152512963e-10
2026-03-20,-7.989271520351474,4.965231230107022e-10,-7.87258245896271,2.1919609776943227e-09,-7.979947446153066,6.751054078004602e-10,-7.997901293840691,4.89005000689804e-10,-7.778677259264029,3.123441964408469e-09
2026-03-23,-8.549441326523956,2.1281869450022683e-09,-8.62164770896008,7.007443806230456e-10,-8.501257032604741,3.4031390055006998e-09,-8.283876955332822,1.3136258259107298e-08,-8.648876987543524,3.081261664843055e-10
2026-03-24,-8.718545203086325,4.560010349626335e-09,-8.832891092682226,2.240853644338121e-09,-8.694345486672681,5.17719634334871e-09,-8.478005372789418,1.3263328789116667e-08,-8.883534883473658,1.4885910214636495e-09
2026-03-25,-8.81105287156722,4.621079083498977e-09,-8.930611811367172,2.4359009424790287e-09,-8.77492316312023,5.46123676300134e-09,-8.505779549252374,1.5362517164811146e-08,-8.98848085716563,1.6585695793917265e-09
2026-03-26,-8.344850723151957,3.2790531129823557e-10,-8.361507399845692,7.307723745869276e-12,-8.342413592719883,3.8138970680910505e-10,-8.234359190226822,4.001458285983283e-09,-8.351726110717143,1.2627907756914227e-10
2026-03-27,-8.35325486834305,1.5637040608353715e-09,-8.404801715878195,3.096480639962899e-10,-8.317689550892904,2.7066316127142953e-09,-8.158902223419236,1.0797328670086174e-08,-8.417319789297906,8.554542834896028e-11
2026-03-30,-8.106161558580471,2.3638544566283577e-10,-8.11432014736977,6.796603960221978e-13,-8.060278006430247,2.0977710923049044e-09,-7.9208801921524055,1.2147613270902924e-08,-8.111970468467609,5.262052353319162e-11
2026-03-31,-7.711306731943616,1.1795522908073183e-09,-7.6433674004062615,2.9470743387045956e-09,-7.740929787252221,1.0647077015630555e-10,-7.69545475507768,3.776602332560779e-09,-7.598705372560463,3.861213034775727e-09
2026-04-01,-8.669830597307133,1.3961965143266519e-08,-8.648133073838528,1.4882311416349649e-08,-8.681327061271972,1.3493636356066449e-08,-8.507701302699829,2.2149042857463922e-08,-8.690248845885318,1.3139136022485857e-08
2026-04-02,-7.825337298705944,3.432848069473601e-10,-7.834719704189206,1.3261669422575149e-11,-7.831932084889768,1.18856796969335e-10,-7.831063502650947,1.9034017618486216e-10,-7.83213728101013,1.1139810959302406e-10
2026-04-06,-9.0279831241719,8.00885795631281e-09,-8.811444037599239,1.4102405332875648e-08,-8.848818676639869,1.282539106863507e-08,-8.685225459089164,1.9297363550068368e-08,-8.856047933430984,1.259057218017198e-08
2026-04-07,-8.641184200748466,6.973639130861661e-10,-8.488767090487434,4.276137990131097e-09,-8.509645799706826,3.6316817473828615e-09,-8.421442882763724,6.7369404399244664e-09,-8.51421667445336,3.4976221329463213e-09
2026-04-08,-9.235137558110182,1.7745440763711532e-09,-8.82359808516543,8.888639917313003e-09,-8.847867252343889,8.218260428112565e-09,-8.7003255653392,1.3000362711459054e-08,-8.86426843295782,7.788150705063957e-09
2026-04-09,-8.514184413583932,1.1673902941290919e-08,-8.520982000282903,1.1366998345437026e-08,-8.724317852788465,4.513516954246362e-09,-8.734709181777502,4.265846351087551e-09,-8.54812589347617,1.0198399446383633e-08
2026-04-10,-8.880847399464528,1.4077419879324252e-08,-8.786690670315044,1.7533477133827403e-08,-9.06808582691985,8.98998669205246e-09,-9.111827385206984,8.074129549193706e-09,-8.821732576870389,1.616454277186677e-08
2026-04-13,-8.469056782121982,8.613064012427996e-10,-8.37020473699595,3.6678215392899673e-09,-8.476815190150939,7.02013314001637e-10,-8.479339522360217,6.521282943424978e-10,-8.387010093174698,3.086986518743976e-09
2026-04-14,-8.85110992803973,4.028216768195966e-09,-8.661862086273441,9.077826705908225e-09,-8.879941730634743,3.4812107369168524e-09,-8.931232837459776,2.6262428203202326e-09,-8.688464418552366,8.191738765765146e-09
2026-04-15,-8.893316993786225,6.174232124390826e-09,-8.72403286811337,1.096714974815857e-08,-9.005488854026414,4.004912784196742e-09,-9.133565585539557,2.249512021189886e-09,-8.751659278705938,1.0035199474415627e-08
2026-04-16,-9.10120584219423,7.063204266906774e-09,-8.860870508611828,1.3127979543768431e-08,-9.201850693667224,5.364052162925588e-09,-9.413466047967129,2.880448349355956e-09,-8.89196152690838,1.2146113004376152e-08
2026-04-17,-9.019059281135721,2.617232742329395e-09,-8.761385327608526,7.938150718202521e-09,-9.020144337498401,2.602419653130249e-09,-9.16444452710079,1.0498642812498633e-09,-8.787702162724965,7.1990200507755375e-09
2026-04-20,-9.178622350244828,6.75421597722892e-09,-8.928226342676215,1.2477016732809696e-08,-9.318750678285022,4.703420628262043e-09,-9.63925180620816,1.9040334398929605e-09,-8.959786313833767,1.1570302856190358e-08
2026-04-21,-8.757392498734198,7.173663191581043e-10,-8.60174464400828,3.7466673709488795e-09,-8.776900243405763,4.784996793911508e-10,-8.828288033881478,3.699507616888341e-12,-8.620596383579375,3.2647935244515513e-09
2026-04-22,-9.422023389808194,4.302128175447803e-09,-9.037605118811005,1.074581636705675e-08,-9.376399723745168,4.8147296325133906e-09,-9.54301225398737,3.1707320150377962e-09,-9.07213082740658,9.923862165933969e-09
2026-04-23,-8.521496537863818,1.3106340508886985e-12,-8.447421305428366,1.3915571570418485e-09,-8.521612927649413,3.4879399320668253e-14,-8.476979632917224,3.292143710051949e-10,-8.459470838590994,1.107530681882839e-09
2026-04-24,-9.338527880911606,1.7209214521806896e-09,-8.958067774518824,7.047700316891889e-09,-9.245646137207208,2.56152880831097e-09,-9.37334018860626,1.4611646523663416e-09,-8.989185806102771,6.385486516371944e-09
2026-04-27,-9.562710975006585,2.9258436790176037e-09,-9.108636122314005,8.969112467849558e-09,-9.4715315619591,3.7033950664967673e-09,-9.69948716287273,2.025937784695222e-09,-9.146057510485205,8.213089328302495e-09
2026-04-28,-9.688012171993632,1.7905428783743818e-09,-9.145202025589052,7.649275016056148e-09,-9.486777236410436,3.17460851745054e-09,-9.69897265289974,1.7326968553398324e-09,-9.18469067064893,6.939851827157083e-09
2026-04-29,-9.760077545273278,1.2561530395409056e-09,-9.170752329584651,6.797929248074624e-09,-9.473844638667552,3.0222099802123604e-09,-9.594595319018934,2.1239905184041093e-09,-9.212206330585428,6.114340474653795e-09
2026-04-30,-8.597416479656957,4.3428214678793013e-10,-8.63985024302084,6.879364855220348e-10,-8.69587180313475,1.3721022265431774e-12,-8.691809562565506,2.8450902056142868e-11,-8.654241492627193,4.770382960526785e-10
2026-05-01,-9.67883982425561,1.1400026943552711e-09,-9.181055845478934,5.6502910002633415e-09,-9.497314487159343,2.1815924090233986e-09,-9.660401047322951,1.224070048402272e-09,-9.225238555928701,4.9925180777480514e-09
2026-05-04,-9.232035583541801,4.304013542553767e-11,-8.96164262273248,2.3550359615393244e-09,-9.145409169553911,4.881380059336359e-10,-9.215006891416616,1.0935864250057554e-10,-8.99384958192793,1.924874788928023e-09
2026-05-05,-9.976582327870014,7.829711380536947e-10,-9.32115631815701,5.13297833931272e-09,-9.624050228255742,2.3078705707592377e-09,-9.731393333417435,1.6981675484037707e-09,-9.376118826988357,4.465651807790622e-09
2026-05-06,-9.355196658226868,7.759024658286478e-11,-9.049917532129992,2.3717899021657525e-09,-9.250415839876425,5.535641494140811e-10,-9.329338087901814,1.6835054588931327e-10,-9.088605978843994,1.9114269205729332e-09
2026-05-07,-9.181568327761449,1.772509398412078e-09,-9.040390805594535,3.4867323484190357e-09,-9.336034683653248,6.231891814574475e-10,-9.47924298981126,5.905926175433223e-11,-9.081312444120142,2.911549100698798e-09
2026-05-08,-9.61630823837686,2.463359261050584e-09,-9.305993237150663,5.485484710639912e-09,-9.718080796492465,1.8578415951556612e-09,-9.961088191349438,8.916313287261649e-10,-9.364723022000998,4.7404494378921015e-09
2026-05-11,-9.534327420311985,2.1155924035775165e-09,-9.260706917192225,4.786386959317789e-09,-9.664667067744144,1.359403181098945e-09,-9.942997041140497,4.193096062671988e-10,-9.317643661778217,4.0764534003486866e-09
2026-05-12,-9.271346927354056,1.874147042005459e-10,-9.042554780616747,1.996786374511079e-09,-9.264985263896595,2.1548006202395092e-10,-9.324961105976204,1.5896386733541125e-12,-9.083714528339375,1.5370295122999011e-09
2026-05-13,-8.932833417099646,1.0627760144468899e-10,-8.879423028814495,7.035881515993017e-10,-8.966034522170983,9.533343959334426e-13,-8.895460957841411,1.9607038527003775e-10,-8.906179669147868,4.3597754339730815e-10
2026-05-14,-9.597891524889375,1.5049960451269528e-10,-9.22482442623559,2.3295526162255548e-09,-9.503803708538703,4.511416408728326e-10,-9.647809286057061,4.391667101118129e-11,-9.281184596510455,1.8018368725468105e-09
2026-05-15,-9.642669118084896,3.634682787054268e-10,-9.27171062210261,2.623096001566469e-09,-9.595298187665904,5.215698887846762e-10,-9.796925383028778,3.1599596553916074e-11,-9.333908511421127,2.0460772977525106e-09
2026-05-18,-9.01599582525431,2.431867382863169e-10,-8.919854471266042,1.129317186136434e-09,-9.026355710463443,1.753747833400803e-10,-9.052032530977598,2.3809578653672508e-11,-8.954504927901434,7.563440781075782e-10
2026-05-19,-9.346182025279044,9.39799676085573e-10,-9.188053177378185,2.238046164404141e-09,-9.3644427002811,8.302411406285586e-10,-9.514675727060121,1.811551828250213e-10,-9.245585308272194,1.6866374301266813e-09
2026-05-20,-9.046331302084546,1.337762418522295e-10,-8.956711321894558,8.502615293706626e-10,-9.035324675458128,2.005529835968091e-10,-9.070247335927522,1.2715459082607287e-11,-8.992304577339883,5.19041996613273e-10
2026-05-21,-9.058480909722277,3.1292589439156217e-10,-8.968367846297527,1.1018768108950328e-09,-9.0783378111113,1.8781836648037098e-10,-9.11629168823908,2.680435847664586e-12,-9.007629832762579,7.130133203564088e-10
2026-05-22,-9.687820301930325,1.1817862666490999e-09,-9.384661081973844,3.2498223137274988e-09,-9.61751593050721,1.527602629788684e-09,-9.851864193653652,5.960821426175196e-10,-9.464961710244957,2.538563174655483e-09
2026-05-26,-9.861992670631652,1.0856598956802516e-09,-9.474802784321472,3.3643936248893267e-09,-9.723309759574395,1.6711528319427629e-09,-10.007755760019108,6.573325155606213e-10,-9.566017136019035,2.6251153504594135e-09
2026-05-27,-9.935982928056793,1.2297251017350694e-09,-9.527819021632302,3.55987846160823e-09,-9.810135164141606,1.733305975170023e-09,-10.181518485434951,5.921733996988476e-10,-9.626993469672403,2.7828349910529985e-09
2026-05-28,-9.641721906436743,1.1417678903552389e-10,-9.320946390303579,1.6278416052572756e-09,-9.4982803976544,5.720733257716192e-10,-9.661470823379512,7.373451607759609e-11,-9.395316710882213,1.1072593690257523e-09
2026-05-29,-10.1261152897121,6.072138936918956e-10,-9.582859870905235,2.912069092985945e-09,-9.855939694084274,1.3929970063346686e-09,-10.228633959322726,4.244191177641353e-10,-9.692751952048106,2.1837613094222856e-09
2026-06-01,-9.787701197208989,6.075582759491302e-11,-9.411173402193683,1.5067544892232937e-09,-9.597867581596198,5.442358451977616e-10,-9.796927351843278,4.73190838816805e-11,-9.497869959113356,9.867604145474459e-10
2026-06-02,-10.24610133224418,2.9836876746675387e-10,-9.641634087518147,2.2667759490101914e-09,-9.889271991440081,1.096582643003482e-09,-10.259110107357383,2.8161262134928694e-10,-9.763869181264695,1.6021448521560687e-09
2026-06-03,-9.945096592824436,1.794612976508653e-11,-9.515511667277007,1.3014881192976456e-09,-9.694684865757871,5.194290837924578e-10,-9.91274754831682,5.2388511567259286e-11,-9.617836335610368,8.011214610147307e-10
2026-06-04,-9.422983387865992,6.7455161649042816e-12,-9.278949472876524,5.901448982978681e-10,-9.359681086839023,2.0176169727550026e-10,-9.426208922893492,2.092615818874074e-12,-9.343456887635583,2.671757456518545e-10
2026-06-05,-3.6351420564421977,2.762388605019408e-08,-6.124827496409633,2.0339473764286242e-08,-5.464400965270302,2.324082781469159e-08,-3.713125909359457,2.749541506709066e-08,-5.6038525806385255,2.2722565955375576e-08
2026-06-08,-8.863168004633307,4.666024550842464e-09,-8.936537826813195,3.3023027487687178e-09,-8.81871736897024,5.650857982938382e-09,-9.132442183445411,9.340654972585157e-10,-8.993329663397965,2.4432295946092924e-09
2026-06-09,-5.423154843841754,8.354158653217403e-08,-4.776652735039432,9.53115545824362e-08,-5.359628458275641,8.4933286218575e-08,-3.2625173177565836,1.112538670924708e-07,-4.4075465470080255,1.0028586114267615e-07
2026-06-10,-8.034185080563063,7.236431803072068e-10,-8.010302256109277,1.06682217234507e-09,-8.062745455760076,2.304262805105219e-10,-7.870569449764012,2.520305287696148e-09,-7.962504249247058,1.645860118253686e-09
2026-06-11,-7.586328609572684,3.806828112470851e-09,-7.524378321889829,4.977366493764454e-09,-7.665671242476155,1.8845124519046898e-09,-7.479736932799877,5.707173184784383e-09,-7.450984348930365,6.1380025166063614e-09
2026-06-12,-8.577774522564566,2.8298402985235574e-09,-8.608473907434988,2.1139623008257834e-09,-8.56626464660036,3.1233073322495648e-09,-8.729602713487537,1.7171804970679154e-10,-8.640182748343287,1.472382175400325e-09
2026-06-15,-9.030733951297577,7.704963707260265e-09,-9.056799085182744,7.167226933264599e-09,-8.985546438399046,8.718808484569593e-09,-9.39557744373193,2.5459577159417116e-09,-9.121839879983844,5.961675363821078e-09
2026-06-16,-8.756721055080298,1.3582253227324995e-08,-8.919987046660673,8.555075431747086e-09,-8.985730492092461,7.0263906762668275e-09,-9.48887876153569,1.0277018789964605e-09,-8.974465542208298,7.271147861387616e-09
2026-06-17,-8.125771077964108,9.105859931715708e-11,-8.129219107085722,2.347170156971171e-13,-8.127494096183344,3.776563109381327e-11,-7.896398582461745,2.469162103171729e-09,-8.126589249933609,5.644440588752258e-11
2026-06-18,-8.891629244466307,1.2577485141263284e-08,-8.990791441275444,9.818462664545117e-09,-8.975710863031342,1.0199611382146229e-08,-9.322299950343009,4.044050305830327e-09,-9.04674956351546,8.512186342239062e-09
2026-06-22,-8.773195648691988,7.3448939144948545e-09,-8.832628558673138,5.82294809645665e-09,-8.836362168609732,5.735565456226727e-09,-9.122819253194784,1.2876451561412475e-09,-8.876559818967436,4.851770257366353e-09
2026-06-23,-8.847575155789206,4.224910287340951e-09,-8.834056552287421,4.505316677778466e-09,-8.828300012594017,4.628301788199146e-09,-9.045729806635373,1.2728875711315707e-09,-8.876057953320794,3.67137552763819e-09
2026-06-24,-8.550940181831542,4.648933785563011e-09,-8.611278731533476,3.0003387905301506e-09,-8.56517926600548,4.2254413397327305e-09,-8.685809929381715,1.4511711649578568e-09,-8.64000856029446,2.3429954332745413e-09
2026-06-25,-8.478980951743171,3.670329198524626e-09,-8.558172329934802,1.5993639845264435e-09,-8.517477798903279,2.5707234565104895e-09,-8.598666805172176,8.173858884383686e-10,-8.580906738273328,1.13807686610754e-09
2026-06-26,-6.711236435950998,2.4490330939198724e-08,-6.455160232425387,3.026875029645141e-08,-6.6287315218815195,2.6566021189136476e-08,-6.2749639878718835,3.3415302247857625e-08,-6.333206790279574,3.246187725591331e-08
2026-06-29,-8.575109709233388,2.5010457501376905e-09,-8.631474705942525,1.3093791103882948e-09,-8.576858058472792,2.4592114619666605e-09,-8.617478251725613,1.575652898632578e-09,-8.65516060471419,9.020098033681323e-10
2026-06-30,-8.753323791090658,7.525301946363311e-09,-8.840315134369364,5.3085665196532395e-09,-8.853474708817322,5.018752331079296e-09,-9.006634564752801,2.375123922912657e-09,-8.880195663841445,4.463709616518575e-09
2026-07-01,-8.807857280156032,6.366797794128881e-09,-8.86506687243444,5.039650767338265e-09,-8.89413876948226,4.44486628123843e-09,-9.078992951454325,1.6923865546493052e-09,-8.905347855242118,4.228853177278861e-09
2026-07-02,-8.388736875190148,2.3107889390906996e-10,-8.389019960920761,2.256801509795815e-10,-8.393431840307892,1.4419502971920867e-10,-8.39647331851721,6.84433250655762e-11,-8.396964050809697,8.28980113028546e-11
2026-07-06,-9.220817327853426,4.250787673128874e-09,-9.117678600596332,5.800732525471397e-09,-9.134358833578437,5.522819784794762e-09,-9.284145914418948,3.4780236209697398e-09,-9.172084071578542,4.934406564193503e-09
2026-07-07,-9.167440846844329,3.440689131263518e-09,-9.06739699863025,4.908371891365849e-09,-9.111907791612282,4.206962551100951e-09,-9.298797315007045,2.0341728794806193e-09,-9.118283971068069,4.113072090172841e-09
2026-07-08,-9.153991168921786,1.7088716209031463e-09,-9.012640750761085,3.4721778412846018e-09,-9.03674739013028,3.114068455646402e-09,-9.137591508151605,1.874860736488733e-09,-9.05904464212171,2.805345232485663e-09
2026-07-09,-9.229319329391867,1.5835367910112873e-09,-9.0767138200227,3.290122070225645e-09,-9.090970672316372,3.0951959480163607e-09,-9.145057832810242,2.4263738301328655e-09,-9.127172515357564,2.6356189576527885e-09
2026-07-10,-9.106652424090235,1.0207777978247385e-09,-8.984407845353417,2.3852204766183697e-09,-9.0195136300748,1.9292825192578745e-09,-9.100280405932757,1.0772760906284103e-09,-9.027954905437216,1.8277890561544418e-09
2026-07-13,-9.370897937547763,1.2651010396007503e-09,-9.158587922813856,3.2695743814394167e-09,-9.203633529877346,2.7344175162915995e-09,-9.32281191268626,1.6137662816410501e-09,-9.215727334030793,2.6020035917107096e-09
2026-07-14,-9.511214897564491,1.951301270143755e-09,-9.269579638311754,4.213911291898257e-09,-9.285528554477391,4.0190409569236325e-09,-9.339880046155697,3.409345831479366e-09,-9.33689186982856,3.440785638351415e-09
2026-07-15,-9.470594445981156,1.3548777931563997e-09,-9.249013626548686,3.240594727256915e-09,-9.263039696292884,3.084279321557826e-09,-9.322880566680908,2.4796468483963065e-09,-9.314680487713805,2.5568197147512804e-09
2026-07-16,-9.35480798201331,3.4706000058048427e-10,-9.140059324323428,1.8987885315368165e-09,-9.152487988697617,1.7719266176704228e-09,-9.210407146038328,1.2469309420888722e-09,-9.195066116866592,1.3757955237068348e-09
2026-07-17,-9.403860078806877,2.8899348617988424e-10,-9.172718598179614,1.8335800602436107e-09,-9.168765019380618,1.872869626814642e-09,-9.170268477613245,1.8578687133791806e-09,-9.230990922295597,1.3109432607073307e-09
2026-07-20,-9.22822991136733,2.503065208684384e-10,-9.063288545277446,1.509011358593787e-09,-9.026854492094529,1.921212169971976e-09,-8.978711672600939,2.5538446444491327e-09,-9.112844800140028,1.0320032714150408e-09
2026-07-21,-9.565149177652318,1.3765979982179762e-09,-9.359143070799652,2.892913317167424e-09,-9.299068719936864,3.5123081509927558e-09,-9.189423601499941,4.913324267196792e-09,-9.439159360417268,2.203506985398335e-09
2026-07-22,-9.667269200409628,2.0643755521691162e-09,-9.451825427713228,3.6997000533257433e-09,-9.428728167310199,3.928209331625014e-09,-9.3688470340289,4.579556144174114e-09,-9.54371999424541,2.9013677317098207e-09
2026-07-23,-9.223495024656227,5.652223978550509e-11,-9.085779061547244,9.128803103992122e-10,-9.068819094316101,1.0657095294506882e-09,-9.010009978971963,1.685240506169593e-09,-9.13433592591813,5.345779562185085e-10
2026-07-24,-9.262333363837541,1.1168228657078655e-09,-9.161095282280707,2.007970733908953e-09,-9.085588054446433,2.8915392642528264e-09,-8.973485505032151,4.631715399081065e-09,-9.224310322166467,1.416025551574297e-09
2026-07-27,-8.698949955796374,1.2508829745448162e-15,-8.69345078510378,4.775553269750379e-11,-8.674137099352818,2.5502044887867014e-10,-8.62576333633729,9.588145028643067e-10,-8.698931672349948,1.3775474826933784e-13
2026-07-28,-9.274600441276826,4.6499430920002053e-10,-9.172674893750218,1.1645043244599584e-09,-9.098987004659646,1.872819342656814e-09,-8.973677067888909,3.562262392996739e-09,-9.233089836696381,7.140416868211173e-10
2026-07-29,-7.309179905035245,5.934498681452146e-09,-7.702603880874992,3.73581520864863e-09,-7.8188764291781325,2.7259014806514013e-09,-7.933999542728376,1.3399839514192972e-09,-7.555870221446615,4.7144025150193485e-09
2026-07-30,-9.030084341205397,4.421036569347889e-10,-8.963636157940257,1.0521769015129096e-09,-8.851683952268363,2.58153195812827e-09,-8.736304281872732,4.960291462670948e-09,-9.008596993060737,6.171006868631305e-10
2026-07-31,-8.399002460881572,8.653437353686803e-11,-8.405729294346909,1.1189345819524546e-11,-8.404655326504958,2.7273438930924045e-11,-8.400200639593187,9.944116799358787e-11,-8.405105240213713,1.7751931661227292e-11
2026-08-03,-8.701877778251156,6.21420555447305e-11,-8.662508938342338,5.298117888672132e-10,-8.66366970201447,5.135972110327219e-10,-8.663239805594051,5.195863247373894e-10,-8.685065651749385,2.4003547474329244e-10
2026-08-04,-8.182362042895244,1.626942728751965e-10,-8.184815369584662,1.230093617737274e-10,-8.158630851479169,4.960314072787602e-10,-8.109738281074993,1.0344172312800685e-09,-8.17012676054068,3.437044972005326e-10
2026-08-05,-8.683436093864493,1.000508581901165e-08,-8.856043780223008,5.166476959126477e-09,-9.056826826042542,1.894779317310549e-09,-9.218316930013044,4.991757751353012e-10,-8.905005319441234,4.172679135826424e-09
2026-08-06,-9.034774806302465,9.099835921143818e-09,-9.106042473844168,7.592973761397427e-09,-9.365010053582816,3.788893134280964e-09,-9.572586008555028,2.0427911530791774e-09,-9.172087188591352,6.39783727352107e-09
2026-08-07,-9.271541524287825,5.006707688673853e-09,-9.15887304270714,6.7368288912812445e-09,-9.403538448458331,3.4790719014887426e-09,-9.558651502813905,2.202381964858118e-09,-9.227754335316707,5.62649498765026e-09
2026-08-10,-9.45562496131758,4.0564057373684685e-09,-9.234871641944608,6.90556009636169e-09,-9.502418297953573,3.61109321311391e-09,-9.713747733446727,2.0937926547640848e-09,-9.30920669536067,5.788850819429997e-09
2026-08-11,-9.484315231279016,1.4006172202139208e-09,-9.162534813136167,4.554485414062262e-09,-9.37599741333462,2.173512396816336e-09,-9.514266247540053,1.2263405570890796e-09,-9.229656667418466,3.6585968433009306e-09
2026-08-12,-9.824320609418574,1.4117990510185062e-09,-9.321030763342476,5.37400065634588e-09,-9.550357884629749,3.0073875171725945e-09,-9.64633646641669,2.3292281688921485e-09,-9.402185488982651,4.394427054374717e-09
2026-08-13,-9.690006749364999,6.273165313324902e-10,-9.255561164651331,3.6712705598392237e-09,-9.443983531984875,1.8996755609477644e-09,-9.525138411228392,1.3748002400823143e-09,-9.329979966472195,2.86528633749529e-09
2026-08-14,-9.92125278727444,1.223052235486931e-09,-9.398763881696986,4.7538167899353695e-09,-9.643450258542822,2.587590729762778e-09,-9.802729092176694,1.7001262166446296e-09,-9.488178764082072,3.822936834073304e-09
2026-08-17,-9.952062025100405,5.657749362806794e-10,-9.386948890115885,3.72276141026461e-09,-9.597682616243565,2.0085750089268134e-09,-9.685077838208477,1.5203517040439813e-09,-9.47537139636518,2.8964449798269135e-09
2026-08-18,-10.205363577807576,8.162856842369039e-10,-9.513848017477436,4.298752064147022e-09,-9.718824963325995,2.6886947066372927e-09,-9.729315544460796,2.623820687923013e-09,-9.617563674484416,3.3962698785168807e-09
2026-08-19,-9.933227294516897,5.356410034127417e-10,-9.41443092995168,3.2817488744807707e-09,-9.548985358758257,2.1924048698747652e-09,-9.481075913126158,2.6974395967080726e-09,-9.50752126498763,2.490645978565737e-09
2026-08-20,-9.612937915686523,1.2016673913121868e-10,-9.28194898610267,1.8088276584296695e-09,-9.378841456366512,1.0923183781798673e-09,-9.327718393027428,1.4425060854983226e-09,-9.358024108759702,1.2278217397223094e-09
2026-08-21,-9.923876587987884,9.863533537570627e-10,-9.491707111233856,3.3970585402249133e-09,-9.566988299222151,2.783584379100725e-09,-9.424256904150292,4.043985018798954e-09,-9.596603056671599,2.5700052808801946e-09
2026-08-24,-9.86113716442517,1.5635113411772406e-09,-9.560114431712712,3.3627938168429574e-09,-9.641399367223874,2.7518027896681415e-09,-9.515633560645343,3.746709280293307e-09,-9.675087683391197,2.529271517803888e-09
2026-08-25,-9.908281672907357,1.0000775924048872e-09,-9.558235659099319,2.791667414545924e-09,-9.620091303761425,2.3571994631110327e-09,-9.439101564927698,3.825979788904228e-09,-9.674052945425597,2.0265087147978123e-09
2026-08-26,-10.048765922525153,7.873187843247558e-10,-9.617899643813539,2.670420194720325e-09,-9.680143135848454,2.268244317599831e-09,-9.508131198272594,3.534300765024737e-09,-9.743931532325197,1.911732806332959e-09
2026-08-27,-9.896914256694966,1.309235721806194e-10,-9.496696327825509,1.5605912301967821e-09,-9.53925765601188,1.309566304966181e-09,-9.382070493765436,2.4058337011492666e-09,-9.603257971468361,9.86285196712392e-10
2026-08-28,-9.428229724200095,7.721160593135553e-14,-9.264815593491596,6.79447590612315e-10,-9.306933251767823,4.4146090662533504e-10,-9.233635874681525,8.856847205933987e-10,-9.33267902051354,3.177298556490501e-10
